workID,Has Qin Su - Character,Title,Troll Comment
19069612,No,on neptune it rains diamonds,No
24915412,No,the genius of our minds,Yes
26112073,Yes,Favor,Yes
27815605,No,there’s a knife at the end of this fic,No
27739483,No,The Worth A Man Has,No
26305972,No,Dizzy in my Head,Yes
21214292,No,rain and shine,No
23156302,No,Audition for your heart.,No
26031469,No,"Oh My Brothers, Lost and Scattered",No
19108324,No,would gladly break my heart for you,No
18203978,No,That one story where the Lan's siblings are both happy,No
18690685,No,by virtues uncounted,No
24127819,No,"happy now (in spite of you, because of you)",No
27616406,No,New Life,Yes
23508013,Yes,the trophy boys from here to if and when,No
24664111,No,half cloak & half dagger [PODFIC],No
23466379,No,When the stars are yours and you don't know it,No
27649433,Yes,Keep It Smooth,No
27580772,Yes,catch a falling star and put it in your pocket,Yes
25385881,No,utter my love,No
27371344,No,The First Chill Day of Autumn,No
26025859,No,Complicit: Towards An Alternate Reading of CQL's Lan Xichen,No
23927749,No,The Untamed: A Handful of Ribbons,No
24331972,No,My boyfriend is a fennec fox,No
25678216,Yes,like looking through a fogged mirror,No
25083184,No,Hearts so different,No
26379250,No,I get this sweet desire,No
23326777,No,New World,Yes
17913614,Yes,Brothers and Sisters,No
26567263,No,Be my mistake,No
23354797,No,[Podfic] The Curious Case of the Strategy Engine of Qishan Wen,No
25461511,No,Letters,No
25749805,No,Condemned to Choke Every Word I Pray,No
22129177,No,Dance for me,No
27190195,No,As His Ambitions Caved In,No
26500909,No,blackest is the night,No
23484442,No,places loathed by all men,No
27713972,No,"both the prison and the open hand (bells on low, on high)",No
23567686,No,[Podfic] The Lost Cause,No
25938727,No,contradictions (the only thing I know how to give),No
25012447,No,Ink spills on your skin,No
22979209,No,please donate all loose change to the wei wuxian foundation,No
21966724,No,"Sex Pollen, Choking, XiYao",No
24260461,No,Same Guy,No
21849439,No,Sword Dance,No
25414132,No,Leash the Wind,No
25920034,No,Part Of Your World,No
22183594,No,Seeker,No
24972604,Yes,Late Night in the Unclean Realm,No
27274081,No,Disobedience,Yes
26895004,No,A Spring Wind Moves a Spring Heart,No
27065767,No,We Are All Walking Each Other Home,No
25242331,No,i come to you in pieces (so you can make me whole),No
24720211,No,"music, theory",No
20924201,No,Kinktober 2019 Day 11 - Crossdressing,No
21689581,No,Solar spot,No
23312191,No,(I Have The Honour To Be) Your Obedient Servant,No
26235574,No,Xiyao [ I will never lie to you again ],No
22835059,No,Renewal,No
21766657,No,I Want You As My Everything,No
23302318,No,Unraveled,No
25595638,No,The Legend and the Man,No
26169574,No,join us?,Yes
26449504,No,Silent Destruction,No
26112073,No,Favor,Yes
20950217,No,The Jade And The Lotus,No
23719552,No,I'd like to stay,No
26926072,No,Denature,No
26746033,No,learning to swaddle (bury in sandbags),No
27843430,Yes,You Can't Stay Away from Me,Yes
26419246,No,Stirs of Whispers,No
22284361,No,Found in the Forest,No
23554390,No,Our Castle Walls Are Hidden,No
24451402,No,if i told you what i've become,Yes
22615195,No,An open book,No
24327646,No,"He Can Fit His Whole World In His Hand... Or At Least, His Hand In His Whole World",No
23266966,No,The Unimaginable Light [ you hold inside ],No
27796042,No,deep as the eastern sea,No
22869058,No,till these days our hearts have yearned,No
18250892,No,If only by choice,No
27465973,No,The son of Jin Guangshan (still working on title),Yes
27451741,No,AdSpace: The Man Who Can’t Be Moved,Yes
25147351,Yes,A Little Bit Foxy,No
22566421,No,Conviction,No
27886216,No,Making room for contentment,Yes
27478156,Yes,For Want of a Nap [PODFIC],No
25847407,Yes,Collaboration of Dangerous Minds,No
26347066,No,shades,No
25429465,No,Neon Roses,No
27193507,Yes,The Weight of the World,Yes
20845334,No,Take me to church,No
27185710,Yes,"Scars, Silk, and Stone",No
27190468,No,Droplets of Words,Yes
20450894,No,"Tall tales of Cultivators, Demons and Gods",No
26419084,No,home is where my love waits,Yes
27913678,No,Tenodera sinensis,No
27392212,No,featherlight,No
26063926,No,Tug-Tug,No
23502064,No,Bliss,No
27513013,No,Sweet Design,No
22979209,Yes,please donate all loose change to the wei wuxian foundation,No
27176633,No,Secrets We (Try Not to) Keep,Yes
27744757,No,Dream of the Gold Chamber,No
25951294,No,The Echoes of that News Ring Loud,Yes
21838885,No,the colors of your lies are red,No
27508291,Yes,Troika,Yes
24519700,No,"philtres, aids",No
27545320,No,[podfic] Monster Theory: Seven Theses,No
25597138,No,Sharp tongue,No
27703217,No,Deceiving,No
23293924,Yes,Playing with peony,No
22325365,No,The Song Remains The Same,Yes
26855329,No,The Brotherhood of Mistreated Jins (and Qin Su),Yes
22835590,No,Blowjobs and Self Esteem,No
27183508,No,glittering and translucent as a white rainbow,No
26807413,No,Headbands Are Serious Business,No
26562793,Yes,Ivo,Yes
25604389,No,Kingfisher Feathers,Yes
24819265,No,A Family's Woes,Yes
21629278,No,Untamed Winter Fest 2019 Collection,No
28201044,No,painted paradise,No
23874172,Yes,Longest Days and Sweetest Nights,No
26698396,No,"bloom without flower, knot without rope",No
17533835,No,Confinement,No
27949067,No,wear you in silver,No
25071568,No,flowers for a dynasty,No
17538368,No,hush,No
25050553,No,"Every Month, A Little Closer",Yes
26297473,Yes,Recompense,No
24994660,No,propriety,No
24015256,No,The Auction at the Lan Sect Library Pavilion,No
25490239,No,Taunting Little Lover,No
27741604,No,blow the candles out (i don't even wanna see your face no more),No
26701423,No,I am lonely for you,Yes
21633601,No,Here 'til the Morning Breaks Us,No
27731674,No,moonlight and jade,Yes
28116798,No,"show your horns (your heart, your thorns)",No
26451670,No,I'll Make Room,No
23265517,No,The Headband of Destiny,No
26957845,No,Twisted Blood - Part 2 of Dark Month Collection,Yes
25773439,No,Hold the Baby,Yes
26834101,Yes,Wedding Braids,No
24488911,Yes,Heavy in your arms,Yes
25709278,No,miracle & fate,Yes
27694739,No,no angels could beckon me back,No
23297992,No,Without Sender,Yes
25023865,No,our once barren world,No
25271929,No,Mo Dao Zu Shi | The Untamed [Arts],No
28165200,Yes,this lives in memory,No
23949445,No,My Paper Heart Will Bleed,No
25125163,No,What If...?,No
25880662,No,what the bluebirds sing at you,Yes
17497925,No,I actually started dating an NPC?! | 卧槽我居然和NPC谈恋爱了？！,No
23999875,No,Take the Lead,No
25918651,No,[Podfic] rain (that draws you near me),No
27213328,No,Burrow Within,No
17619140,No,a gift upon this exhausting path of life,No
27700556,No,Am I The Asshole for...?,Yes
21700930,No,music of the night,Yes
24641986,No,quiet night,No
26324638,Yes,Bit of a Stretch to Think She Would Wield a Sword,No
25158193,No,Where I Belong,No
25366972,No,Protection,Yes
23471410,No,Lessons Of A Fever Dream,No
28118913,Yes,borderlines of dreams,No
25391197,No,Taunting Little Courtesan,No
26553046,No,opposing forces,Yes
24410695,No,A Well-Heeled Man,No
20807387,No,It's just hair,No
27460264,No,Can't Seem to Leave You Alone,Yes
21585049,No,You'll never live this down,No
27624017,Yes,But Not to Talk,No
22874911,No,Nevermore,No
26779861,No,Safe and Sound,Yes
27190468,Yes,Droplets of Words,Yes
25312603,No,Taunting Little Dancer,No
27925036,No,Vermillion Tears and Steel Eyes,Yes
24510295,No,Him,No
24240382,No,First and Last,No
23484052,No,the only way out is to give in,No
24658339,No,This Is The Hunt,No
21043385,No,he wasn’t,No
18482680,No,Til Death do us Part,No
25651606,No,there is the way the air feels,Yes
26914648,Yes,Haunt the Corner of My Eye,No
28186950,No,duty calls,No
27937857,Yes,a constant satellite of your blazing sun (i obey your law of gravity),No
27191005,No,The Quiet Room,Yes
22745704,No,perfect pretenders,No
27897841,Yes,Faith Enough,No
27010012,No,equilibrium,No
25106338,No,flowers from hades,No
23396473,Yes,Something Brighter Than Sunshine,No
27441697,No,Can You Hear Screaming Please Don't Leave Me,Yes
25247524,No,oh we have moved forward in pain,Yes
26116702,No,Sun Between His Fingertips,Yes
18875269,No,All the worlds where we meet,No
25051153,No,agony as love,No
25488841,No,Love Letters from the Nightless City,Yes
25998745,Yes,and all my life starts now,No
28083753,Yes,The Winner Takes It All,No
22693765,Yes,Last Stop Out Of Yiling City,No
27635177,No,Pieces Of Me,Yes
27934841,No,One Point Perspective,Yes
26820595,No,"Stars, Hide Your Fires",Yes
23263741,No,Poems in Solitude,No
23322637,No,"Wandering Eyes (That Nie Mingjue will gouge out if he notices, Father, STOP)",No
27996765,No,"i'm just a loner, baby (and now you've gotten in my way)",No
23602981,No,Ghost Roads,No
21603607,No,The Unlucky Red Packet,No
21707392,No,Phantom Pain,No
26134246,Yes,Possession,No
27032866,No,[Podfic] hold your tongue and let me love,No
20733932,No,Divenire,No
24973150,No,i am the relics of a conquered city,No
27515038,No,"this skin, your skin",No
23197165,Yes,the stars do not take sides,Yes
26718181,No,Major Minus,No
24089527,No,Art - Xiyao,No
26836177,No,A Perfect Memory,No
23497162,No,The Secret,No
25384693,No,The Roots Grow Riotous,No
25282012,No,arrangements,No
20415298,Yes,Nine Steps to A-Huan,No
27503533,No,The Nine Battlegrounds (or The Art of War),Yes
26020483,No,i've been hearing silence on the other side for way too long,Yes
27968852,Yes,Family Bonding,Yes
24336775,No,Small Mercy [Podfic],No
27996765,Yes,"i'm just a loner, baby (and now you've gotten in my way)",No
25056235,No,Red Ribbons,No
27703502,No,I thought my boyfriend was my friend,Yes
26612359,No,The Knife,No
15454059,No,Precaution to the wind,No
26900926,No,A Perfect Start,Yes
26086954,No,Missed Messages,No
26450551,No,"Cry a river, call it rain",No
28150977,Yes,night is young and we're living,No
17809964,No,Only For Tonight,No
25067686,Yes,Caught In The Emperor's Eyes,No
28084140,No,Gentians and Peonies: Heal For Me If You Cannot Heal For You,No
24901066,Yes,untitled 3zun,No
25111774,No,in between the lines,No
27513013,Yes,Sweet Design,No
22903306,No,As We Deserve,No
26172253,No,Love Is A Fate Resigned,No
27142318,No,beyond reasons,No
27704824,No,Swallow You Whole,Yes
28151994,No,"silly me, waiting",No
25017385,Yes,blame the pretty virgin,No
27267685,No,A Good Match,Yes
26728939,No,If a Best Actress Transmigrated into Qin Su before the Secret Room Happened | 当影后穿成密室前夕的秦愫,Yes
28035690,Yes,Just a Happy Coincidence,No
27644876,No,Exposition,No
17989202,No,dissonante,No
25702261,No,the space between the stars,Yes
24864346,No,Becoming the Phoenix,No
26154634,No,Quality Time,No
26670358,No,"Prim, not so proper",Yes
23768659,No,fool's gold,No
21647872,No,You Left and I... I Lived,No
25169989,No,Secrets out,No
21111059,No,Dark Tensions - XiYao,No
23129659,Yes,Your Sister Will Always Support You,No
20943068,No,We Can Haunt Each Others' Dreams,No
27282739,No,What Remains of Meng Yao [PODFIC],No
21403135,No,restraint,No
26551576,Yes,Half A Lie,Yes
23690509,No,You’re my Pride,Yes
20216506,No,"contemplate the darkness, crawl your way out",No
28019358,Yes,the other you,No
17685167,No,we built ourselves a ship out of old wood (it still smells like the night),No
23164750,No,Bound Only by the Sea,Yes
24906283,No,Temple of Mercy,No
25340497,No,I Love You So Much You Shouldn't Know,Yes
27624017,No,But Not to Talk,No
16604948,No,Jealousy,No
25338007,No,"You are Me, I am You",No
27086830,No,The shape of you,No
17647481,No,Oath of Death,No
25449223,No,My Erstwhile Dear,No
27715484,Yes,melodies and voices,Yes
27176605,No,Jin Ling and the disastrous case of Gusu Street,Yes
25214296,No,Reflecting your light,No
18418394,No,The white Jade and the Fox,No
25124647,No,as lans do,No
24371689,No,"Omega, son of a butcher",No
27595015,No,"Lovers, Lurkers and Liabilities",Yes
24165766,Yes,All's Fair in Love and War,Yes
27470875,No,Setting fire to our insides,Yes
19227964,No,Death of a Ghost,No
25196434,No,The starlight in your eyes,Yes
25326067,No,"lover, be good to me",No
26906479,No,The Lotus's Accidental Wife,No
25313890,No,Everywhere,No
26075590,No,The Brightest Shades,No
22751971,No,Son,No
26597965,No,What if...,No
27147733,No,Four Out of Five,Yes
27944786,Yes,Barb wire; obscene,No
27582943,No,[Podfic] exchange,No
25631485,No,Honesty // Hope,No
24350023,No,I can hardly wait to be with you again,No
27753697,No,Long Night,No
16882317,Yes,"Two is a Company, Three is a Crowd",No
21299066,No,Saviour,No
25122547,No,Bout of Jealousy,Yes
28004922,Yes,lucky like that (to have you in my life),No
23883667,No,role model,No
25762993,No,"the chicken that laid the golden egg (or would've, anyway)",No
26175565,No,running in circles,Yes
25435786,No,book 4: yellow peony in winter,No
21734341,No,Sometimes Drunken Mistakes Aren't Actually Mistakes After All,No
21406744,No,Tall Once More In The Spring Wind,No
24747739,No,asking (for) the bright moon,No
26515828,No,"despair, yours",No
26195260,No,Into the A+ Advice Box #18: Do You Have Throuple Potential and More!,No
27382033,No,Born as a Blackthorn Tree,Yes
18387689,No,Ornaments,No
26753962,No,Law of Attraction: Once More,Yes
25762993,Yes,"the chicken that laid the golden egg (or would've, anyway)",No
24779452,No,Chosen Otherwise,Yes
21456931,No,Disgraced,No
25027138,No,Leaving,Yes
23054386,Yes,A Cherry on Top,No
23631247,No,Where the Loyalty of the Heart Lays,Yes
21150389,No,"Brotherhood (3-zun Week 2019, day 6: ""Body Switch"" )",No
22097056,No,Missing you,No
28196847,No,[Fanart] A Show of Appreciation,No
24969514,No,Contentment,No
27560452,Yes,The Grieving of the Bones,No
25481257,No,It Is No Darker Though I Blow Out My Candle,No
27690992,No,Punishment,Yes
23119615,No,Warmth,No
17339441,No,the impracticality of zithers as weapons,No
27580982,No,my romeo from hell,Yes
26292049,No,through willows,Yes
23592844,No,For when it hurts,Yes
20023852,No,"Red Rose, White Rose",No
25178368,Yes,three dicks no brains,No
20457701,No,Poison,No
25055050,No,a fine time to regret,No
25230655,No,Stargazing,No
21022679,Yes,This means WAR,No
18786568,No,Long Is The Path Ahead,No
26603992,No,roadside flower,Yes
27060811,Yes,Betrayal Most Foul,No
27581657,No,wreathfuls of ribs,Yes
26225389,No,goodbye,Yes
21771577,No,Until It's Dark,No
25176727,No,His Laugh,Yes
27226426,No,Sharp,Yes
28019358,No,the other you,No
20804180,No,Of Choice,No
21125567,No,Beile Xichen's Affair,No
27421768,Yes,ten drabbles,Yes
26368450,No,A Dance with the Devil,No
27779098,No,all those signs were arrows (pointing me to you),No
18718780,No,in cupped hands,No
27422869,No,no sake to spare,Yes
27562219,No,[podfic] thoughts on drowning,No
27678673,No,Sleep,No
25396042,No,Mixing Business With Pleasure,Yes
27849586,Yes,I am the duckweed and you the river,Yes
25143745,No,Not as Innocent as They Seem,Yes
27342019,No,Heat!(we love a party),Yes
25628386,No,Sweet petit Love mark,Yes
23611369,No,The Lotus Springs from the Mud,No
26419084,Yes,home is where my love waits,Yes
26029909,No,"Oh, A Noble Sacrifice",No
26289127,Yes,The Mirror Incident,No
22289437,Yes,"For you, For your son (I would do anything)",No
20040313,No,A Jug of Wine and the Wrong Brother,No
20440910,No,Favour and Fate,No
26116489,No,[Podfic] Goddess of the Blade,No
23747554,No,conjoined,No
22976803,No,Chemistry,No
27865618,No,knee-deep in the poacher's dream,Yes
18575482,No,A Speck of Gold,No
23216395,No,The Dream of a Peony,No
24419236,No,Chattel,No
22532293,No,Power Had Been Cried (By Those Stronger Than Me),No
26019358,No,Paved In Countless Stars,No
26818600,No,Furtive,Yes
19998490,No,To Meet Again,No
24990982,No,three-way mirror,No
23414296,No,Documented Proof,No
22693372,Yes,Obligation,No
26587456,No,Lan's Rising,No
21460264,No,Of All Things He Would Believe,No
26025496,Yes,"you, in red, in blue, in sunlight",No
20581256,No,the one where meng yao gets hit by a car,No
27193507,No,The Weight of the World,Yes
23403520,No,Change in Perspective Snippets,No
24973150,Yes,i am the relics of a conquered city,No
25911652,No,feel no glory,Yes
20062396,Yes,Clipped Wings,No
23302219,No,The Pride of Gusu High,No
27690383,No,[Podfic] Continuation by thefaceofno,No
27028735,No,anything that touches,No
25440703,No,Devoted Husband,No
23197165,No,the stars do not take sides,Yes
27329128,No,vale,Yes
25530244,No,in which meng yao and zewu-jun are dtf,Yes
27065185,No,"sleep tight, in a new light (through another warning call)",No
24419236,Yes,Chattel,No
27146677,No,we shouldn't always get what we think we want,Yes
25100503,No,in your most frail gesture,No
27756838,No,The Butterfly Effect,Yes
27178570,No,Sect Scarf Patterns,No
23263741,Yes,Poems in Solitude,No
28116798,Yes,"show your horns (your heart, your thorns)",No
26807413,Yes,Headbands Are Serious Business,No
25157065,Yes,book 3: yellow peony in autumn,No
20642834,No,4000 things I Hate About You,No
27602453,No,The Messenger,No
24445201,No,Let Me Slyther-in to your Heart,No
23996320,No,the great pretenders,No
24222550,No,Good morning,No
26914648,No,Haunt the Corner of My Eye,No
26524612,No,"want for nothing, nothing denied",No
25178368,No,three dicks no brains,No
22261684,Yes,They Know That He's Fragile,No
27283078,No,Keep the Customer Satisfied,No
25067791,No,Fluttering Hearts From The Past,No
25639291,No,In Safe Hands,No
26237965,No,Incensed,No
22289650,No,kenopsia,No
17953400,Yes,Triumvirate,No
25074943,No,feel no glory; feel no pain,No
20041918,No,"in the smoke and dying embers, I'll find you",No
25598986,No,troubled waters running cold,Yes
24060997,No,Trust Me (You Were Wrong),No
23278804,No,(You Taught Me That) Everything In The World Is Love,No
26146465,No,shoulder and thigh,No
26358544,No,MDZS Headcanons and AUs from my twitter,No
27311188,No,The Love You Long to See,No
21085061,No,"please do not hurt me love, i am a fragile one",No
26682196,No,Knock Me Down With the Palm of Your Eye,Yes
25998745,No,and all my life starts now,No
21903193,No,The Untamed: Stay a Day,No
21043598,No,Ornament,No
20837564,No,remembering,No
18660889,No,Brothelhood,No
20016826,No,grief negotiations,No
22228672,No,Out and Proud,No
21815083,No,"Baby, It's Cold Outside",No
24182680,No,After school activities,No
26722045,No,"You Won't Be Happy With Me, But Give Me One More Chance, You Won't Be Happy Anyway",No
22965787,Yes,it's in the way you hold me,No
21939784,No,"Just Listen, I Will Sing For You",No
25562353,No,Careful What You Wish For,No
24085579,No,The Children of Madame Lan,No
27988365,Yes,Return,Yes
25943374,No,Stories,Yes
18658741,No,Jin Guangyao & Lan Xichen - Eternal: The Beginning,No
27703784,No,Evolution,Yes
28207344,No,Sharing is Caring,No
24507715,Yes,The sacred simplicity of you by my side,No
25588150,No,Match Made in The Unclean Realm,No
26523874,Yes,More Than These Ashes,Yes
24163210,No,Pomegranate,Yes
25855105,No,Drunk,No
27428755,No,Masterful Example,No
21503008,No,STEP 4: Spice Up Your Sex Life,No
22029181,No,"in search of silver linings, we discovered gold",No
23154619,No,Old tunes can be the start of a new song,No
23938342,No,Make It Holy,No
23111008,No,Equipoise,No
28157349,No,heaven's calamities and man-made disasters,No
28006827,No,A Proper Proposal,No
21962800,No,A Day To Celebrate,No
24332716,No,Come And Get Your Love,Yes
27881645,No,was in the spring,No
26030527,Yes,"go slow, nah, go fast (you like it just as much as me)",No
27372382,Yes,The Bright Moon (is still the same),Yes
27344323,No,in my arms you're safe and sound,No
26559985,No,世上只有妈妈好 (In this world only mother is good),No
20948300,No,peach,No
25131892,No,A little bit of sweetness,No
24216652,No,Heart First Into This Ruin,No
24041605,No,Treacherous,No
26818105,No,Penance,Yes
24516091,No,the longer night,No
23027524,No,Of Friendship and Love,No
24779104,Yes,melting the glacier,No
25340137,Yes,three of wands,No
27277624,No,One Good Thing,No
20047726,No,One of Many Such Experiences,No
24355474,No,Cygnet Cuddles,No
18743161,No,Against all Odds,Yes
23996320,Yes,the great pretenders,No
26668156,No,Like water (in your hands),No
25147351,No,A Little Bit Foxy,No
27751003,No,What a Gentleman Seeks,No
28090383,No,Adoring Gaze,No
25225096,No,A Purrfect Day in Gusu,Yes
23253811,No,The Spice of Life,No
25028518,No,Mix Tape,No
24854047,No,"The Bird, The Blade and The Butcher Makes Three",Yes
24615703,No,So Much For Trust [DISCONTINUED],Yes
24027277,No,The Sunshot Blog,No
25765279,No,recalling the spring,No
22416592,Yes,Life Lit Up,No
22759027,No,To Thine Own Self Be True,No
26895247,Yes,Leverage [PODFIC],No
25364851,No,How to love a monster,Yes
26401627,No,concepts & notions | mdzs aus + short fics,No
20850686,No,The Official's System of Cultivation,No
25594696,No,in your warmth i forget how cold it can be,Yes
15905523,No,Anniversary,No
15284400,No,Drunken Stupor,No
22119619,No,Running Out Of Time,No
16105232,No,The Blessing of Three Lifetimes,No
27431446,Yes,i've been so good but it's still getting harder,Yes
27195194,No,how could i ask for more,No
25935994,No,nonsense writing,No
26020690,No,Foundling,No
27274051,No,you must have been waiting for me,No
24685381,No,Monster Theory (Seven Theses),Yes
27790510,Yes,[fanvid] Good Grief,No
26673877,No,Isle of the Dead. Op 29.,No
22390798,Yes,Can we not have just one meal...?,No
25525822,No,reproach | meng yao,No
26831551,No,"Lan Xichen, an unshakable beauty",Yes
17781191,No,Gentle Touches,No
24124453,No,Pearls,Yes
24174643,Yes,"Indulgence, Unwitting",No
27889867,Yes,stuck between your teeth,No
19215271,No,Love Like Water,No
27176633,Yes,Secrets We (Try Not to) Keep,Yes
20921366,No,So cold,No
21784354,No,shang tiantang,No
25151158,Yes,And A-Fu makes 4,No
25466002,No,"Somewhere, Sometime",No
25532842,No,Every move leaves a trace,No
26734909,No,cut it up,Yes
27739483,Yes,The Worth A Man Has,No
26726881,No,cruelty comes wandering,No
27514495,No,Babysitting for Dummies,No
21906676,No,cure for headaches,No
22591822,No,Chance Meeting At The Coffee Shop,No
27528220,No,I Started From the Bottom/And Now I’m Rich,Yes
22289437,No,"For you, For your son (I would do anything)",No
27730756,Yes,the gravity of love,No
26850595,No,Smile Emperor,Yes
24766570,Yes,"I Have Drunk, and Seen the Spider",Yes
21928405,No,"Something Lonely, Brotherly, and Loved",No
23936266,No,Tangible Memories (Will Last For Years) - Seven,No
23696347,Yes,The Games We Play,No
22143601,No,Dirty: Extra I - An Eye For An Eye,No
24478741,No,Letters,No
26340370,No,(you are) the only exception.,No
24163210,Yes,Pomegranate,Yes
26633008,No,the mercy of wild beasts,No
26709532,Yes,Baby Steps,No
24090115,No,Eights and Nines,No
16537856,Yes,So You Say,No
18771352,No,"A New Life, A New Chance",No
23432293,No,The hopes we let die,No
22646980,No,final judgements,No
21632365,No,Goodwill,No
25279510,No,far from the tree,No
27561505,No,What Is With This Man? (He's Unbelievable),Yes
25279138,No,Sinking Ship,No
22890043,No,Out of Key,Yes
27344923,No,Where You Fell,No
27730756,No,the gravity of love,No
27952160,Yes,牵连 | attachments,No
24901066,No,untitled 3zun,No
26764789,No,[Podfic] Nothing Left to Leave Behind,No
25598341,No,With Both Hands,No
24782392,No,Through the Heart,No
26075590,Yes,The Brightest Shades,No
25490602,No,and nothing left to burn,No
28077723,No,[Enter Chat Name],No
25970452,No,Starry,Yes
27710845,Yes,layered,No
26713828,No,Of Marks and Ribbons,Yes
24188932,No,"Free of Sadness, New Moon/ Mo Chou Shuo Yue",Yes
25578469,No,such tender hope,Yes
21739999,Yes,"C'mere Boy, Down Boy",Yes
26317255,No,the moon waits,No
26556430,Yes,not only you and me,No
24893116,No,yellow peony in the wild,No
22108834,No,Whispers in My Ears,No
24969166,Yes,never enough,No
25014343,No,Till we meet again,No
25728649,No,Correspondence,No
26714704,Yes,At Least Be Accurate To The Source Material,No
25523068,No,"de amiticia, de amore",No
26326519,No,Goddess of Hidden Things,No
26093800,No,through and through,No
24713479,No,Something Like Beginning,No
23530627,No,Alliance of the Traveling Pants,No
26317882,No,Amidst Snow,Yes
26603992,Yes,roadside flower,Yes
26387653,No,The Winter Prince,No
26425576,No,now hang me up to dry,No
25129813,No,why don't you set my wings on fire?,No
22901056,No,The Shame of a Lifetime,No
24174643,No,"Indulgence, Unwitting",No
24025378,No,Pearl,No
27782425,No,Merely a cat,Yes
25262059,No,Youth,No
25453687,Yes,The Helpmeet,Yes
25103839,No,Pretty Professionalism,No
26199382,Yes,unspeakable,Yes
27678352,Yes,Care,No
22416592,No,Life Lit Up,No
25109323,No,loving him wrong,Yes
19847392,No,Lost in Diplomacy,No
25779424,Yes,"A Painting Missing Strokes, A Song Missing Notes",Yes
25438714,No,dip me in him like a rose in the vase,Yes
27782425,Yes,Merely a cat,Yes
26898247,No,Mdzs Ideas,No
27932689,No,The Ultimate Father,No
22422292,No,phatic communion,No
27153547,No,"I’m the powder, you’re the fuse",Yes
25809859,No,I Didn't Know What I was Harboring (It's Called Desire),No
26748793,Yes,The Spring of Truth,No
26731132,No,Three Gates,Yes
21758098,No,over the moon,No
21557941,No,Unspeakable Yearn,No
25022086,No,An Atypical Courtship,Yes
26313253,No,Seclusion,No
26237896,No,always fleeting,Yes
28161708,No,Pages of a winter memory book,No
26709193,No,A Moment in the Sun,No
25850908,No,i have not yet unlearnt old lessons,No
25207105,No,Tragic Love Tale,Yes
24182680,Yes,After school activities,No
28082421,No,A Harvard Kind of Romance,No
26193682,No,Falling in Love with Love (again),Yes
26562793,No,Ivo,Yes
25745953,No,Smoke & Broken Mirrors,No
21801715,Yes,where our bonds deepen,No
24454573,No,remains,No
22019086,No,Shadows play on his face.,Yes
25195996,No,temper and circumstance,Yes
20572790,No,Meant to Stay Hid,No
23880442,No,Would you like to become a motherfucking property guardian?,No
28199661,No,light in the snow,No
23935006,No,Our Golden Tongues Spill No Secrets,No
26295538,No,Gray Skies of Qinghe,Yes
27249202,No,how to make your dad fall in love with your high school teacher in five steps:  the complete and bulletproof guide,No
27465697,No,holding off the rust,No
26058424,No,Trust in my Word,Yes
27913678,Yes,Tenodera sinensis,No
21580930,No,The Dream Mirror,No
25177684,No,Foxes don't get as many lives as cats,No
26199382,No,unspeakable,Yes
27605353,No,My friends need to be punished,Yes
20466467,No,Unspeakable Yearning,No
22965787,No,it's in the way you hold me,No
25641415,No,imprisoned in words,No
23975713,No,Willing to Know,No
24720835,No,[podfic] Obligation,No
28191585,Yes,"Come with me, Never let us part again",No
24395419,No,In Which Jiang Yanli Also Has a Don't-Fuck-With-Me Smile—,No
28199661,Yes,light in the snow,No
25877827,Yes,A River Diverted,Yes
21839131,No,jade seals our forevers,No
26446948,No,sweet grasses,Yes
25464040,No,"Lies, Betrayal, and Nothing in Between",No
27649391,No,Sugar,No
23961949,No,three cups of wine,No
23632669,No,Angry,No
25903555,No,Gone Wrong,No
24979198,No,such sweet nothing,No
26195524,No,make you somebody (else),No
26842384,Yes,Meeting at Midnight,Yes
25057297,No,How to Cultivate Desire,No
27413563,Yes,Lan Xichen,No
26897335,No,Of Fear and Knives,Yes
17763065,Yes,there won’t be another you,No
23293924,No,Playing with peony,No
25847407,No,Collaboration of Dangerous Minds,No
24313366,No,Let's save Da-ge!,No
26331667,No,All My Tomorrows Belong To You,No
22349056,No,Revelation,No
28043340,No,Untrustworthy Boy,No
28014939,No,Eye of the Tiger,No
18492499,Yes,Mending the Pieces,No
28189941,Yes,Improper Procedure,No
25044073,No,"We can't make promises now, can we?",No
26103130,No,Wedding arc,No
25877827,No,A River Diverted,Yes
25368277,No,Always Yours,No
21784354,Yes,shang tiantang,No
26716633,Yes,routines and whatnot,No
24193789,No,How to save your school with your Best Friend,No
28000311,No,Unique Solutions,Yes
25064392,No,Gusu NOW!!!,No
26295538,Yes,Gray Skies of Qinghe,Yes
26378368,Yes,Pain in Understanding,No
25945024,No,"what is gold, always glitters",No
27670163,No,a choice you cannot regret,Yes
26692966,No,kissing through the darkness,No
24346297,No,Pleasure That Made You Cry,No
25779424,No,"A Painting Missing Strokes, A Song Missing Notes",Yes
22611412,No,But suppose Icarus did not fly so high,No
26675494,No,A Murder of Brothers,No
27507778,No,make every minute count (against me),Yes
21734410,No,it could be easy,No
18085379,No,And I'm here,No
24017734,No,Wuji,No
28186641,Yes,敗類,No
27727031,No,Hazy and Bunnies,No
25862227,No,Salvage,Yes
22010038,No,Jade in the Moonlight,No
25017721,No,Common,Yes
24313204,No,Unanswered Questions,No
27865618,Yes,knee-deep in the poacher's dream,Yes
23830432,No,Verses,No
27679901,Yes,Waiting,No
23402734,No,Just a moment,No
27591866,No,Everchanging,Yes
26066359,No,"my uncle, my uncle and his boyfriend",No
25064869,No,And I never saw you coming,No
24620524,No,"dear love, are you at peace?",Yes
27695917,No,All My Heart | 不死心,No
27849586,No,I am the duckweed and you the river,Yes
22706215,No,golden majestic glow,No
24413101,No,a practical guide to breaking curses by xiao xingchen,No
23995732,No,"Frostbite, Moonlight",No
26051341,No,limbs streaming with a purer joy,No
24100198,No,Lost & Found,No
22281355,Yes,The Untamed prompt ficlets 2020,No
26298358,No,a house for your heart,Yes
24200824,No,marriage on the surface,Yes
25020049,No,Four Seasons: XiYao Month 2020,No
18319967,No,Losing Patience,No
27580772,No,catch a falling star and put it in your pocket,Yes
20925443,No,Fatal Journey: Crack Edition,No
26266231,No,Stay on Course,No
19765450,No,Still,No
26726410,No,her daughter's mother,No
27959996,No,whisper; wound,No
27478759,No,By Your Side,Yes
22993243,No,A True Son,No
26982202,No,[Podfic] no regrets in this life,No
22018531,No,Sweeter Than Lotus Seed Buns,No
26543293,Yes,like real people do,Yes
28084140,Yes,Gentians and Peonies: Heal For Me If You Cannot Heal For You,No
25034119,No,to regret you,No
25368082,No,THIRSTY 3ZUN ARTS,No
27779098,Yes,all those signs were arrows (pointing me to you),No
21151310,No,a shot of vinegar,No
24540436,No,come come kitty kitty (you're so silly silly),No
23793211,No,All Things to All Men,No
24871753,No,Deflection,No
26331985,No,Loyalty,No
27815605,Yes,there’s a knife at the end of this fic,No
27685066,Yes,"and here I am, softer than a shower (and here I am, to garland you with flowers)",No
25611703,No,"these, our bodies, possessed by light",Yes
23413918,No,drag out the refrain,No
26879227,Yes,the doom of nie mingjue,No
27776968,Yes,these still waters,No
26879227,No,the doom of nie mingjue,No
24957316,No,how were we to know,No
27573325,No,Spotlight Off,Yes
22887640,No,Lingering Regrets,No
22605268,No,Solidarity,No
20335000,No,Beware the Sephora in the mall,No
26065468,No,Put a Ring on It,No
26551387,No,"I crave, I wish",Yes
25286146,No,"a token of my affection, a token of my esteem",No
24562501,No,Gold Poisons,Yes
23285602,No,"but then the earth comes back to life, and the sun must go on rising",No
23576455,No,What Remains of Meng Yao,No
27944786,No,Barb wire; obscene,No
24417934,No,Burn the Land and Boil the Sea (You Can't Take My Son from Me),No
27336166,Yes,made for each other,No
27679901,No,Waiting,No
27843430,No,You Can't Stay Away from Me,Yes
26795755,No,just one kiss (for our fake date),Yes
22719568,Yes,Dirty Pretty Things,No
22716283,No,stop being cute,No
28006827,Yes,A Proper Proposal,No
24721405,No,The Knife That Twists,No
24798457,Yes,Waltz For the Moon,No
25660087,Yes,And indeed there will be time,No
26750896,No,Ready to run - chengzhui,No
23356627,No,Tarnished Gold,No
20325286,Yes,Continuation,No
24700882,Yes,A Knife on the Tongue,No
26499685,No,"Just the tip, I swear",Yes
21325615,No,Sweater,No
27279745,No,Vespertine,No
25374937,No,atonement,Yes
27199726,No,I'm here,No
27550771,No,the replacement.,No
21768970,No,holding onto misunderstandings,No
27988365,No,Return,Yes
23048560,Yes,Sweetness Never Suits Me,No
27372382,No,The Bright Moon (is still the same),Yes
22428793,No,Treble In Threes,No
24165766,No,All's Fair in Love and War,Yes
22511230,Yes,Everything But a Father,Yes
27152911,No,Give a Little Love,Yes
15474354,No,The Whispers on the Wind,No
27847882,No,"Sometimes, your mouth is your own.",Yes
25213090,No,So You Think You Can Dance,Yes
26193682,Yes,Falling in Love with Love (again),Yes
19986748,No,Lan Xichen's Guide on How to Confess,No
21962800,Yes,A Day To Celebrate,No
27258808,No,A Similar Kind of Darkness,Yes
25431781,No,Meng Yao,No
24937288,No,after red,Yes
27882897,No,Vacation,No
21858148,No,Soulmate,No
27236854,No,Journey to Closure,No
28158594,Yes,somewhere to belong,No
22719568,No,Dirty Pretty Things,No
25267483,No,til I've got what's mine,No
23262541,No,Red Without Roses,No
27690992,Yes,Punishment,Yes
22100197,No,Would You Hold It Against Me?,No
20595713,No,Twisting the Situation,Yes
26858191,No,Break my Heart,No
25244206,No,Waking Hour,No
24306340,No,The Best Little Bunny Cafe in all of Gusu,No
26452966,No,we only fly when falling,No
26375692,No,(trembling ever so little),No
25850086,No,The Flower that Blooms,Yes
25817491,No,if they were girls,No
24690919,No,Inconvenient Fireworks,Yes
26714254,No,rain on me (stay),No
22261684,No,They Know That He's Fragile,No
24354172,No,The Way It Wasn't,Yes
26180572,No,Like a House on Fire,Yes
20910713,No,give no quarter,No
22849108,No,i can't wait to see you again (it's only a matter of time),No
25714054,Yes,The body is a blade,No
23705818,No,Everything But Innocent,No
23952313,No,Welcome To Yílíng,No
27754786,No,Other Chances,No
27355504,No,The Stages of Grief,No
24974323,No,Xinzang,Yes
28061556,Yes,under pressure,No
26892022,No,let us de-stress (let us cultivate desire),Yes
25697905,No,cleansing,No
27178171,No,The Boys Who Wore Ribbon's,No
26866636,No,revisions and gaps in history,No
23382013,No,The Adoption of One Meng Yao,No
22526413,No,the endings beginning to give into the turn,Yes
27347998,No,would you forgive me if i said it was love?,No
16100507,No,Amicable Parting,No
20007157,No,Confessions of the Peony,No
25363996,No,Don't say you give up so easily,No
24988387,No,"As a lake, disturbed",No
24039511,No,"Jiang Cheng, 3zun and the mysterious aphrodisiac (call me gege)",No
25387912,No,porn (but not actually) and waiting (a lot of it),No
24779452,Yes,Chosen Otherwise,Yes
16477133,No,Jade Beads,No
23451970,No,"[Podfic] :: someone at the door, someone who was not there before ::",No
28150977,No,night is young and we're living,No
27015589,No,In The Name of Love,Yes
27909802,No,hunger,No
23839288,No,Patient came so hard from prostate exam he kicked me in the dick,No
20696033,No,i love you forever and ever andeverandeverer,No
26234089,No,Cerulean Peonies: A collection of works charting the star-crossed romance of Lianfang-zun and Zewu-jun,No
25977823,No,the deep,No
26146465,Yes,shoulder and thigh,No
24824869,No,Against the Light,No
25005013,No,Splish Splash Splosh,No
24139744,No,Perceptions of life.,No
20710814,No,yuanfen,No
27635255,No,Forbidden feelings,Yes
17161991,No,it all started with a poncho,No
22290526,No,Deceit Truer than Fact,No
27624164,No,a secret language,No
25059958,Yes,What Hurts The Most,No
25895605,No,Kept Promises,Yes
15970055,No,The Face That Launched A Thousand Ships,No
26484937,No,In the absence of gods,No
25691596,No,To Be Known,Yes
23316355,No,for the love of him,No
26867341,No,Wen Jingyi,No
24559405,No,crush culture,No
27741604,Yes,blow the candles out (i don't even wanna see your face no more),No
27280189,No,choices,Yes
24730024,No,Grieving is Hard,No
27743929,Yes,Machines and Machinations,No
17160506,No,token of passage,No
27709940,Yes,Fractured Ice,No
22610971,No,"forgive me, you were delicious",No
27782809,No,"Fall, Break, Fail (Rise, Heal, Overcome)",Yes
27570199,No,Fifteen Lines,No
26684116,No,Let's not worry (let's just do it),No
24750103,No,a-yao,No
20431376,No,Mourning,No
25147819,No,i am guilty (of anything and everything but you),No
21270071,No,Safe in Your Arms - Xiyao,No
23330995,No,Epistle from Gentian,Yes
21160523,No,Fictober XiYao 2019 (English version),No
22884841,No,Black Jadeite,No
16342619,No,Where did the Stygian Tiger Amulet Go? | 阴虎符去哪儿？,No
25642540,No,Running like water,No
22004320,No,Shards and Shells,No
24083698,No,Displacement Activities,Yes
21082394,No,"""I trusted you""",No
25146157,No,I get lonely without you,No
22428793,Yes,Treble In Threes,No
26807914,Yes,Hot Sauce,Yes
26543293,No,like real people do,Yes
27259213,No,kind of a stretch to think LXC would commit murder but ok,No
25017385,No,blame the pretty virgin,No
26308765,No,[Podfic] Chosen Otherwise,No
24027277,Yes,The Sunshot Blog,No
25751599,No,Grounded,No
26314714,No,this phantom pain might not be so farfetched,Yes
21865843,No,A Better World,No
25121191,No,All I knew was a simple name,No
24465829,No,A silent love,No
27673486,No,i might as well sit here on my own,Yes
25071790,No,distance / 6:53AM,No
28151994,Yes,"silly me, waiting",No
27744757,Yes,Dream of the Gold Chamber,No
19371028,No,leave your marks on my heart,No
27925036,Yes,Vermillion Tears and Steel Eyes,Yes
26884240,No,HORNY NIE BROS TO THE RESCUE [not!fic],Yes
21685540,No,Those That Don't Die,No
28053942,No,"Down, down, down",No
26994205,No,Over and Over (Rolling in like the Tide),No
23328595,No,Bodies,Yes
24343150,Yes,Representation Is So Important,No
20139943,No,The Teenage Girl's Self-Saving System,Yes
22977790,No,In The Flow Of Time,No
27681500,No,Sighs to the Bright Moon,Yes
26834101,No,Wedding Braids,No
28158594,No,somewhere to belong,No
24643585,No,for here or to go?,No
16224509,No,october 8th,No
23132302,No,A Thousand Years and Counting,No
27968852,No,Family Bonding,Yes
26950528,No,Love you Like a Love Song,No
27678352,No,Care,No
22866082,No,Three Dark Minds,No
19979638,No,Shopping Spree,No
21548170,No,it's not selfish if it's for you,No
22986055,No,happy accidents,No
26950528,Yes,Love you Like a Love Song,No
20856053,No,Ink Stains Like Blood [ on your blade ],No
27614548,Yes,i was meant for running fast,Yes
24120436,No,He was never meant to see,No
24753898,No,Let death bless me with you,Yes
26858191,Yes,Break my Heart,No
27886216,Yes,Making room for contentment,Yes
22531450,No,riverside bloom,No
27699467,No,Iridescence,Yes
27266539,No,A Villain's Love Letter,No
18187304,No,Two-Way Backfire,No
24210286,No,i don't love you (but i always will),No
23184592,Yes,washing away the rise and fall,No
23586733,No,Lan Zhan's property,Yes
24360877,No,Between Earth and Sky a Gilded Lotus Blooms,No
20528978,No,trainted,No
24495604,No,Triumph,No
19727713,Yes,Different Paths to the Same Route,Yes
19335865,No,never as alive as we are right now,No
17147420,Yes,if you sing deck the halls one more time i'll deck your face,No
26055031,No,Hello My Love,No
25659553,No,I'll Take What's Left (of You),No
27643510,No,Three Autumns | 一日三秋,No
17763065,No,there won’t be another you,No
25746424,No,First Time for Everything,Yes
25563262,No,Advance by Plots and Ploys,No
27430693,No,Hold Me Close to Your Heart,Yes
25419646,No,Emergence,No
25533481,No,Of Mentors and Protégés,No
25524202,No,Waiting a lifetime for you,No
25176229,No,Bridge of Notes,No
27670163,Yes,a choice you cannot regret,Yes
26082088,No,Jealous,No
25245829,No,Krabat,No
24465691,No,The Grandmaster of Classical Music,No
27660665,No,Spirited Away,Yes
25257796,No,Onyx and Crimson Robes,No
22936933,No,The Little Mermaid (But Make It Gay),Yes
23193790,No,The Darkest Path,No
27123295,No,Forgiveness (Can you imagine?),Yes
20410426,Yes,Don't Cut Me Out,No
28072092,No,just like a muse to me,No
26725762,No,ties that bind,Yes
24026260,Yes,to exhale and to disappear,No
26498740,No,Bower Bird,Yes
28070802,No,In Which Nie Huaisang Does Not Know How to Drop It,No
20062396,No,Clipped Wings,No
23248765,Yes,Building a home,Yes
26907694,No,Burning Incandescently,Yes
27709940,No,Fractured Ice,No
25611052,No,"Fervent Flames, Fervent Passions",No
26822377,No,cold morning,No
22174213,No,PROMPTS,No
26852434,No,A Series of Unfortunate Ass Slaps,No
25477318,No,Slow(come rest with me),No
27909802,Yes,hunger,No
26580799,No,The Restoration of Honour,Yes
24792385,No,in crisis their souls are visible,No
28000311,Yes,Unique Solutions,Yes
24328450,No,morning sun coffee,No
25161826,No,The Strange Case of the Sugar Glider Curse,Yes
26364211,No,A lucky bastard,No
21460066,No,Its name still flows,No
21957700,No,Echoes,No
25005670,No,Karma,No
25921264,No,this is when you decide,Yes
23848897,No,a history of knowledge,Yes
26446741,Yes,Meeting Expectations,Yes
22195993,No,Mr. Criminal & The Trophy Wife,No
27086830,Yes,The shape of you,No
21790576,Yes,fourth time's the charm,No
25185160,Yes,Jin Guangyao | Ready For It? [fanvid],No
22820854,Yes,The Last Bit Of Warmth,No
26565598,No,no more inhibitions,No
26961205,Yes,funny that they say they belong to each other when one is married,No
27195194,Yes,how could i ask for more,No
24241660,No,five time nie mingjue almost qi deviated (and one time he didn't),No
25950025,No,your tender offerings,Yes
24831910,No,All the Broken Things,Yes
25961431,No,Lest We Forget,No
26155717,Yes,to make a marriage bed,No
26716633,No,routines and whatnot,No
27967055,Yes,The Yiling Matriarchs,No
28041975,Yes,You Know I'm Not A Saint But I Can Make You Pray,No
24583924,No,Plant a Lone Osmanthus Tree,No
27104590,No,i'm always waiting for you to be waiting below,Yes
21630784,No,Entangled,No
24961789,No,Restart The World,No
24068977,No,in search of silver linings,No
24963208,No,you are the white in my eyes,No
27116056,No,(trust is) what makes an army,No
23741230,No,A Rotten Log (That Cannot Be Carved),No
20017978,No,I Will Wait For You,No
27689210,Yes,beware the patient woman,No
27932689,Yes,The Ultimate Father,No
25769788,No,shaking out the sheets and holding on,No
26602150,Yes,Just The Way You Are,Yes
24438322,Yes,Destined To Be Yours,No
25151158,No,And A-Fu makes 4,No
28035690,No,Just a Happy Coincidence,No
26122219,No,"you seem, secretly, to love everything",Yes
27331066,No,the shadow his love casts,Yes
19335865,Yes,never as alive as we are right now,No
26996080,No,Aftermath,No
23265517,Yes,The Headband of Destiny,No
25714054,No,The body is a blade,No
18504403,No,home,No
23744377,No,this is the way that we love (like its forever),No
24561949,No,The Mountain Stood So Large,No
25234765,No,That red thread of ours,No
23443891,No,Like a shrike to your sharp and glorious thorn,Yes
26006947,No,Dream,Yes
23054386,No,A Cherry on Top,No
20723204,No,no more human than a song,No
26116489,Yes,[Podfic] Goddess of the Blade,No
22290526,Yes,Deceit Truer than Fact,No
20142121,Yes,Beauty Guru Meng Yao and His Apprentices,No
21297632,Yes,What Family Means,No
24746269,No,What I Did to Deserve You,No
23484052,Yes,the only way out is to give in,No
27153145,No,Shares Our Bed and Eats at Our Own Table,No
24540787,No,Somebody That I Used To Know,No
20969588,Yes,Guilty Pleasures,No
25987126,No,no regrets in this life,Yes
21249878,No,A Prey,No
26568670,No,Stay the Course,No
27765175,No,Smile,Yes
21746659,No,in another version,No
24779104,No,melting the glacier,No
20413357,No,Behind Closed Doors,No
26162368,No,Idiot,No
27327091,No,Stay,No
24606337,No,The first jade and the forgotten peony,No
22416592,Yes,Life Lit Up,No
17147420,No,if you sing deck the halls one more time i'll deck your face,No
22416592,No,Life Lit Up,No
27657362,No,i want the storm inside you awoken now (i want your warm bright eyes),Yes
25480975,No,sublunary,No
24514033,No,For How Long,No
23250628,No,[Podfic] grief negotiations,No
22705591,No,Every Flower Led Me To Love You More,No
25459768,No,"broken, unbroken",Yes
23339263,No,Selfless,No
27897841,No,Faith Enough,No
25503226,No,i carry it in my heart,Yes
26166007,No,Triple Crown,No
25651525,No,Our loss,No
21695650,No,and that's in pieces too,No
17166020,Yes,To Fix Your Twisted Reflection,No
20739629,No,The Moon is red and the snow white,No
24236941,No,Becoming Prom King in Ten Easy Steps: A Guide By Jin Guangyao,Yes
27703502,Yes,I thought my boyfriend was my friend,Yes
25165135,No,the obligatory laundry fic,No
20010301,No,The General and The Courtesan,No
28142031,No,A sun in the solar realm,No
20036734,No,Lily flower,No
20248528,No,Hold me while the fires run deep,No
26572336,No,come around and talk it over,Yes
27970505,No,Silent Romance,Yes
27115999,No,there's a hole in my soul (can you fill it?),No
23566183,No,as i lay dying,No
21612061,No,The Human and His Mighty Vampire,No
21134030,No,Eclipse - XiYao,No
24127819,Yes,"happy now (in spite of you, because of you)",No
27949067,Yes,wear you in silver,No
26155717,No,to make a marriage bed,No
24854047,Yes,"The Bird, The Blade and The Butcher Makes Three",Yes
24026260,No,to exhale and to disappear,No
28034148,No,if you love someone,No
26732236,No,Immortals,No
27273706,No,my heart in ashes wouldn't burn up with tears,Yes
20532485,No,Of the Virtuous and Vicious,No
22348804,No,Drunk Lan's,No
24163888,No,The long way home,No
27287410,No,Talismans,No
20021746,No,A dream for the truth that will never come true,No
26032018,No,I'll Meet You There,Yes
25027426,No,With You,Yes
21060890,Yes,Overcome the Distance,No
27678673,Yes,Sleep,No
27323059,No,Obsession,No
25089847,No,The Third Young Master of the Qishan Wen,Yes
21297632,No,What Family Means,No
15442425,No,So Trusting,No
23286691,No,"For Better, For Worse",No
23255434,No,one time for all time,No
26589670,No,Midnight dial,Yes
23470429,No,The Art of Losing,No
27970505,Yes,Silent Romance,Yes
21597112,No,truth burns deep inside,No
28070802,Yes,In Which Nie Huaisang Does Not Know How to Drop It,No
20234653,No,Alone at the End,No
24701821,No,ghosts,No
24294247,No,the procurement of Wei-gongzi for the Lan,Yes
21554584,Yes,Sentiment,Yes
26760997,No,Borders,No
22332739,No,my arms are open for you (look at me now),No
27596393,No,The first night,Yes
27751003,Yes,What a Gentleman Seeks,No
28195347,Yes,Silverspun,No
18154952,No,Loss,No
24106738,No,she took me to the sky,No
23273674,No,Overgrowth,No
27959996,Yes,whisper; wound,No
15437583,No,Foolish,No
27685066,No,"and here I am, softer than a shower (and here I am, to garland you with flowers)",No
25469824,No,and i'd do anything,Yes
27629768,No,got you something // 礼物,Yes
28090383,Yes,Adoring Gaze,No
26709532,No,Baby Steps,No
21060890,No,Overcome the Distance,No
22977790,Yes,In The Flow Of Time,No
20512256,Yes,"these little words, somehow they're changing us (so we let our shadows fall away like dust)",No
25168666,No,Of Venom and Poison,Yes
21909958,No,"two slow dancers, last ones out",No
26687488,No,Life and Death,Yes
27679216,Yes,A Long Way Away,No
27185710,No,"Scars, Silk, and Stone",No
27413563,No,Lan Xichen,No
24765634,No,études (in a minor key),Yes
23241757,No,caught between two ways,Yes
21228299,No,A Small Little Family of Four,No
22032826,No,[Podfic] Of All Things He Would Believe,No
22346134,No,The Defilement of the Twin Jades,No
27047140,No,When You Get to Heaven May the Devil be Your Judge,No
26025496,No,"you, in red, in blue, in sunlight",No
26076175,Yes,does he hold her hand with the same hand he had up LXC's butt?,No
23432293,Yes,The hopes we let die,No
25093759,No,Confession,No
21801715,No,where our bonds deepen,No
23221654,No,same sweet shock,No
25334776,No,bad habits,No
27645614,No,What You Need,No
27694739,Yes,no angels could beckon me back,No
25976752,No,If this isn't a kingdom then I don't know what is,No
20171080,Yes,"Who Looks Inside, Awakes",No
19973482,No,he is summer,No
20142121,No,Beauty Guru Meng Yao and His Apprentices,No
26681974,No,I'll try to talk refined,No
27225916,No,the end of apocryphal innocence,No
21918181,No,I am here for you,No
26932153,No,on the first day of december,No
25901128,Yes,A Shadow That Lingers,Yes
26192479,No,Bathwater,Yes
25100854,No,Together,No
16103138,No,Headache,No
27796042,Yes,deep as the eastern sea,No
25308667,No,a connection most ardent,No
26895247,No,Leverage [PODFIC],No
23995141,No,i want to teach you a lesson,No
27999687,Yes,maybe this is what you wanted,No
25146130,Yes,Home - Missing scenes,No
27060811,No,Betrayal Most Foul,No
26333824,Yes,stay away from juliet,Yes
17903828,No,Waiting,No
25254064,No,End was near,Yes
26712352,Yes,"This fragile thing called trust (i love you, despite the warning signs)",No
25017751,No,paper-thin dreams,No
25604389,Yes,Kingfisher Feathers,Yes
27298078,No,(my hands) no longer an afterthought,Yes
27715484,No,melodies and voices,Yes
22685005,No,third time's the charm,No
24972604,No,Late Night in the Unclean Realm,No
15473271,No,A set of Knives and A basket filled with Fluff,No
24610978,No,and they were lovers,No
24705829,No,burning sugar,Yes
17470316,No,On The Bus,No
22669852,No,Beautiful Things,No
25549876,No,A lost season,No
24385042,No,The Name(s) on My Wrist,Yes
25899742,No,Marked,No
24990739,No,Forever(is not for everyone),No
25286101,No,Of Revenge in the Dark,No
21334588,No,Marry,No
25732186,No,the inch of grass in his heart,No
28066467,Yes,blossom over cracked ice,No
26748793,No,The Spring of Truth,No
17595203,No,The Lotus and the Dragonfly,No
22417117,No,live and love like I've never been hurt,No
28186950,Yes,duty calls,No
26145682,No,a hundred by dawn,No
20841755,No,Delicacy,No
20845334,No,Take me to church,No
21422197,No,"A Taste of Lust, A Life of Blood",No
27191005,Yes,The Quiet Room,Yes
25518316,No,hold your tongue and let me love,No
24203272,No,Mothership,No
25408843,No,your love is all i can think about,No
25165660,No,The orchid from Gusu,Yes
23301841,No,Let's Conspire to Ignite // again,No
26982172,No,[Podfic] a house for your heart,No
24018823,No,"Why Are We Still Here, Just To Sulphur",No
26507440,No,pearls under your tongue,Yes
25647538,No,and makes one little room an everywhere,No
21696046,No,Dirty,No
27282739,Yes,What Remains of Meng Yao [PODFIC],No
23327740,Yes,The Oriole Behind You,Yes
27860521,No,ding dong the witch is dead (i know now i'm not feeling sad),Yes
25541806,No,Love,No
27710845,No,layered,No
24463087,No,For Whom Do You Bloom,No
26134246,No,Possession,No
24121189,Yes,"discord the app, the noun, or that guy from my little pony?",No
25074985,No,For Want of a Nap,No
27589609,No,"Love, lust, damnation",Yes
25128967,Yes,book 2: yellow peony in summer,No
23282377,No,Eat shit (and get the money),No
25820374,No,Heroes Don't Have Sleepovers,No
25044187,No,As Long As We're Together,No
24306004,No,The Attendant's Princely Crush,No
17508959,No,Taking Over Me,No
27508291,No,Troika,Yes
26986795,No,Be the Bee,Yes
22019086,Yes,Shadows play on his face.,Yes
24943630,No,Chasing Dreams,No
26997487,No,Never Change,Yes
26477410,No,"yours and mine (and mine, and mine, and mine)",Yes
26062549,No,Heart of Grace,Yes
25578565,No,Shades of Cool,No
25391098,No,Gathering Memories,No
22237513,No,"the wind, the flood, and the flame",No
25224604,No,Murky waters and blooming flowers,Yes
26729485,No,for your satisfaction,No
19137919,Yes,Kiss meme fills,No
26743267,No,It's Never Just A Video Game,No
22599766,No,Come What May,No
25767535,No,the hardest hue to hold,No
25574260,No,the shells of fledge souls left behind,Yes
27149332,Yes,Snowcapped,No
26309542,Yes,"Blood Brothers, Sworn Brothers, Brothers In Arms",Yes
24039511,Yes,"Jiang Cheng, 3zun and the mysterious aphrodisiac (call me gege)",No
26807914,No,Hot Sauce,Yes
25407265,No,Dark Paradise,No
26425246,Yes,A Matter of Age,Yes
21580087,No,embrace the world in gray,No
26466460,No,Golden Hour | 金黄时刻,Yes
27754786,Yes,Other Chances,No
20828150,No,Have you Heard?,No
25046020,No,familiar,Yes
27248650,No,"chords, not tendons",Yes
17955212,No,the greatest challenge,No
25358296,No,A couple of throuple,No
26750560,No,MDZS Whumptober Fics,Yes
24488911,No,Heavy in your arms,Yes
27596825,No,Myself Together,Yes
28061556,No,under pressure,No
25470910,No,We'll Find A New Way of Living,No
24417580,No,"The Diary of Jin Bing, Retainer of Lanling-Jin",No
28189941,No,Improper Procedure,No
20037301,No,A Spray of Plum Blossom,No
27123820,No,in a perfect world,Yes
19974817,No,The Little Fox Spirit,No
27431446,No,i've been so good but it's still getting harder,Yes
26381290,No,nothing left to burn,Yes
25224853,No,"Brother, Dear Brother",No
21228443,No,My Gem (Kinktober 69),No
15971528,No,Anything with Four Legs,No
21656266,No,Caught Up Inside Yourself [ together & alone ],No
26770327,No,The guards will know,Yes
25555591,No,i have outlasted all desire,No
27504106,No,these things they misname empire,No
24954217,No,A Clan of Our Own,No
26061091,No,Beneath the Same Sky,Yes
24866437,No,Poor Lán Qǐrén,No
24256315,No,Take Me With You,No
26483182,No,Bride,Yes
26273809,No,speak meagerly (for too many words only bring harm),Yes
18582367,No,Seven flowers,No
18726682,No,We're in the Same Night,No
17166020,No,To Fix Your Twisted Reflection,No
25010002,No,the universe believes in second chances,No
23262541,Yes,Red Without Roses,No
25007488,No,my hands search for love,No
27782809,Yes,"Fall, Break, Fail (Rise, Heal, Overcome)",Yes
25583938,No,Across a Lake of Glass,Yes
26487289,No,you know you'll get in trouble,No
23918575,No,The Wildly Tamed,No
26370127,Yes,who you belong to,Yes
25086217,No,My Friends Made Me Do It,Yes
24932866,No,your lips rewrite history,No
27515587,No,King of Thieves,Yes
27700556,Yes,Am I The Asshole for...?,Yes
27246313,Yes,"Red River, Blue River",No
25275433,No,I only see you,No
25645927,No,how thick about us root (how rankly grow),No
23696347,No,The Games We Play,No
27690383,Yes,[Podfic] Continuation by thefaceofno,No
27860521,Yes,ding dong the witch is dead (i know now i'm not feeling sad),Yes
21315736,No,one lap dance minus the lap dance,No
26007388,No,Loyaulte Me Lie,Yes
24262837,No,The Altogether Ooky WangXian Family,No
25102783,No,the taste of you,No
27581860,No,"Twenty, Ten",No
25022605,No,thoughts on drowning,No
25008775,No,Watching the Lanterns Rise,Yes
27478156,No,For Want of a Nap [PODFIC],No
23280202,No,In Pursuit of Righteousness and Love,No
26223766,No,Give me Something to Scream About,No
25878541,No,Crowded full of parting's feeling,No
20325286,No,Continuation,No
19951834,Yes,The sufferings of Meng Yao,No
27272767,No,Skirting the line of decency,No
20105119,No,all beautiful things are meant for the sea,No
23532052,No,the poetry within me is dead,No
25060975,No,The Song of a Bell in the Wind,No
26876098,No,seems like we’re meant to be,No
27937857,No,a constant satellite of your blazing sun (i obey your law of gravity),No
28072092,Yes,just like a muse to me,No
26226568,No,the soft animal of your body,No
23423137,No,"Oh Raven, Won't You Sing Me a Happy Song?",No
27934841,Yes,One Point Perspective,Yes
27673486,Yes,i might as well sit here on my own,Yes
25939777,No,hold me tight and fear me not,Yes
26196016,No,Come Forth as Gold,Yes
26806417,No,"feel pleasure, and still remember this isn't about you",No
24438115,Yes,the remedy for your love,No
25504999,Yes,Another Life,No
27617132,No,Ask me(unexpectedly),No
27128461,No,Kalki Comes Calling,No
25635049,No,Never,No
22154998,No,Dreams of Yunmeng,No
25669123,No,No Time to Die,No
26466460,Yes,Golden Hour | 金黄时刻,Yes
26164918,No,Mine,No
25803712,No,Of Starry Skies,No
25761475,No,between the shadow and the soul,Yes
26890612,No,a quiet night,No
24953359,Yes,Second Chance,No
18694672,Yes,The Honorable Cultivation Competition of Athletics,No
20187913,No,Happy Little Accident,No
20035642,No,The Curious Case of the Strategy Engine of Qishan Wen,Yes
23549497,No,Babies and Talk of Babies,No
22586755,No,Of Hearts and Happiness,No
27154169,No,The Rouge King | 红粉大王,No
21680527,No,This Path We'll Walk Together,Yes
24433171,No,Four Times Everyone Thought It Was Fanservice and One Time It Clearly Wasn’t,No
17485952,No,"And That, Little Brother, Is Why We Take a Cab",No
26613826,No,Presumption,Yes
23322637,Yes,"Wandering Eyes (That Nie Mingjue will gouge out if he notices, Father, STOP)",No
25837165,No,broken mirror comic,No
24374668,No,Never Imagined That You Have Dirty Mouth,Yes
26842384,No,Meeting at Midnight,Yes
26536510,No,Until We Remember,Yes
26681818,No,it’s a party (i’ll kiss you if i want to),No
26162785,No,Home,No
24995419,No,For When My Windows Ache,Yes
24438115,No,the remedy for your love,No
26605243,Yes,resiny and earthlike and fragant,Yes
27880893,Yes,superstition,Yes
23865226,No,Saudade,No
26102356,No,Death is Only the Thirteen Body Parts,Yes
24355474,Yes,Cygnet Cuddles,No
22995076,No,Til the Sun Grows Cold,No
27198145,No,Overrated Immortality,Yes
25992634,No,Six,No
22719904,No,Undying,Yes
23342344,No,I Can Teach You,Yes
26126251,No,"strange me, strange bed",No
28008762,No,love (will keep you up tonight),No
25906636,No,this isn't yours to give,No
27210247,No,The Two Idiots who Saved the Yiling Patriarch,Yes
27469285,No,Context,No
25101409,No,A Morning in Yunmeng,No
27493345,No,if brokenness is a form of art (then i must be a poster child prodigy),No
22232680,No,The one red Dahlia,No
16140767,Yes,Mine To Hold,No
23184592,No,washing away the rise and fall,No
18728968,No,早 | good morning,No
17953400,No,Triumvirate,No
23301232,No,A Troublesome Charge,No
22135828,No,Too much attention,No
27959576,No,Hope,No
20253169,No,"Alexa, what is a fuckboi?",No
27342772,No,[Podfic] cold morning,No
23711980,No,two-headed puppet,No
25165801,No,Dirt,Yes
24934723,No,Generous,No
26116417,No,[Podfic] stand up and back it in all men’s sight,No
27244366,No,"in a field of red spider lilies, i find you again",Yes
23072023,No,i swim in hollow lakes carved from memories,No
27245914,No,i want to take you off the map (please let me take you somewhere else),No
22420177,No,forget your inhibitions (and your best friend's name),No
26446948,Yes,sweet grasses,Yes
23519020,Yes,MDZS/Untamed Spring Fest 2020 Ficlets,No
28064511,No,"no body, no crime",No
20587013,No,Coda | Falling Away With You,No
26166007,Yes,Triple Crown,No
22280506,No,Dirty: Extra II - Match,No
23061442,No,Fractured Silence,No
26712352,No,"This fragile thing called trust (i love you, despite the warning signs)",No
27098887,Yes,paradigm shift,Yes
27836629,No,The one where Jin Guangyao praises Lan Xichen with filthy puns,Yes
24046069,No,half cloak & half dagger,No
20902415,No,Woven,No
25155109,No,Half a heart - Xiyao,Yes
26698900,No,Pass the Old Grand Master,Yes
25072993,No,window of opportunity,No
17922374,No,"Thank You, and I'm Sorry",No
27836629,Yes,The one where Jin Guangyao praises Lan Xichen with filthy puns,Yes
26925511,No,"[Podfic] you seem, secretly, to love everything",No
28083753,No,The Winner Takes It All,No
24374725,No,holding (a lost fragment),No
24792385,Yes,in crisis their souls are visible,No
25791574,No,Some Nights Are Better,No
23283484,No,Lovers Left Broken,No
26977510,No,fetish for bored housewife,No
23952313,No,Welcome To Yílíng,No
21132263,No,dealings,No
22223620,No,the god of demonic cultivation,No
28041975,No,You Know I'm Not A Saint But I Can Make You Pray,No
25880191,No,Drunk Confessions,Yes
25473205,No,Bad Days,No
23334937,No,life in eden changed,No
20623619,No,The last Dragon,No
20405932,Yes,Heaven's Grandmaster of Self-Saving,No
25229719,No,Summer Sun,No
17529764,No,Spring Dawn 《 花落知多少 》,No
26289127,No,The Mirror Incident,No
16651354,No,Weakness,No
24614326,No,Music,No
22532719,No,Their pureness stained in red,No
26483182,Yes,Bride,Yes
24289375,No,the morning will come again,No
28118913,No,borderlines of dreams,No
22578718,No,Small Mercy,No
27743929,No,Machines and Machinations,No
18786568,Yes,Long Is The Path Ahead,No
22778350,No,it’s easier (to let myself forget),No
27056068,No,the comforts of a gilded cage,No
26892022,Yes,let us de-stress (let us cultivate desire),Yes
26308765,Yes,[Podfic] Chosen Otherwise,No
24453901,No,the rhythm of the sky,Yes
27689210,No,beware the patient woman,No
25701994,No,cold was the steel,No
22390798,No,Can we not have just one meal...?,No
25626775,No,"He trusts me, doesn't he?",No
22693372,No,Obligation,No
24730024,Yes,Grieving is Hard,No
24108286,Yes,Showering You With Love,No
26688259,No,face the burning heat.,No
25146406,No,A Blossoming Peony,No
27560452,No,The Grieving of the Bones,No
26117155,No,In This Life,Yes
26898484,No,i couldn't be fonder of my big home,No
24760099,No,Sworn Hole Brothers,No
21614695,No,i am warm when you are with me,No
26521147,No,"Thirsting Hard, a Collection",No
28008762,Yes,love (will keep you up tonight),No
24134182,No,By These Ten Bones (MDZS Version),No
28066467,No,blossom over cracked ice,No
24669043,No,[Podfic] conjoined,No
26501836,No,The Towers of Ilium,No
26976463,No,(it's a) mirage,No
22418008,No,What you wanted (3zun),No
28195347,No,Silverspun,No
16140767,No,Mine To Hold,No
21799990,No,Untamed Plot Bunny Horde,Yes
26170816,No,queens of this hologram,Yes
25881214,No,Night Blooming Flowers,Yes
24685381,Yes,Monster Theory (Seven Theses),Yes
23874172,No,Longest Days and Sweetest Nights,No
20096356,No,"Love, Hatred, Lucidity",No
26544727,No,The Minor Villain Has Become The Main Villain(ess),No
23082466,No,to be the monster / and miss you too,No
21536779,No,"Flower seen in the mirror, moon on the water's surface",No
27477580,No,Jin Zixuan Vrs. The Universe,Yes
21958204,No,I never knew just what it was,No
25732642,No,Trust,No
20740823,No,Save Your Breath,No
25525918,No,Sonnet 116: he came like the kiss of spring,Yes
25062889,No,A Dream of Spring,Yes
27149332,No,Snowcapped,No
26573362,No,Color of sin(The smell of a heart),Yes
22777420,Yes,Tainted Peonies,Yes
27246313,No,"Red River, Blue River",No
25015321,Yes,To Make a Miracle,No
26820595,Yes,"Stars, Hide Your Fires",Yes
26521147,Yes,"Thirsting Hard, a Collection",No
19727713,No,Different Paths to the Same Route,Yes
23508013,No,the trophy boys from here to if and when,No
25390858,No,stand up and back it in all men’s sight,No
25254832,No,Clarity and Turmoil,No
20435495,Yes,Love Me Mercilessly,No
22420267,No,a look is worth a thousand words,No
26554516,No,exchange,No
26446741,No,Meeting Expectations,Yes
25075009,No,An Unreliable Housemate,No
21487090,No,of coffee and misunderstandings,No
26482693,No,Nothing Left to Leave Behind,Yes
26276512,No,shadows in our hearts,No
27144829,No,"[Podfic] sleep tight, in a new light (through another warning call)",No
25908298,No,here is the deepest secret nobody knows,No
22849786,No,Unsought Rewards,No
27840265,Yes,blanket of stars [PODFIC],No
23327434,No,"sometimes a family is some dumbass kids, a few lesbians, and hOW many GODDAMN UNCLES—",No
26370127,No,who you belong to,Yes
24922882,No,Liquid Smooth,No
24399244,No,what's better than this (guys being uncles),No
19320472,No,What Makes Gods Tremble,No
26358544,Yes,MDZS Headcanons and AUs from my twitter,No
28084245,No,I'll make sure to keep my distance (Say I love you when you're not listening),No
24973318,No,set that crown on the ground,No
25506703,No,No Children,No
22716283,Yes,stop being cute,No
26143570,No,some new truth,Yes
25286845,No,the tangled webs we weave,Yes
26890633,No,MINE,No
27928798,Yes,seventy minutes to tell,Yes
24420679,No,Once upon a midnight walk,No
20721938,No,Not All That Is Broken Can Be Mended,No
25340137,No,three of wands,No
27522049,No,Frozen Heart,No
26344669,No,three birds of a feather,Yes
25999642,Yes,my father's hands and my mother's face,No
27882897,Yes,Vacation,No
27952160,No,牵连 | attachments,No
18706288,No,"Serendipity, Into Nothing",No
26997250,No,Clever Fox Spirit Meng Yao,No
27704824,Yes,Swallow You Whole,Yes
25154794,No,Treading On Dreams,No
27767974,Yes,Writing Letters,No
27063178,No,How the 3Zun Became the 6Zun,Yes
23048560,No,Sweetness Never Suits Me,No
24643777,No,a bell sound,No
27840265,No,blanket of stars [PODFIC],No
21909958,Yes,"two slow dancers, last ones out",No
20957117,No,A Touch of the Fire,No
26919367,No,the babysitter's club,No
18901699,No,fireflies on jupiter's moon,No
25248307,No,This Side of Paradise,No
18413510,No,You Have Us,No
26624167,No,Cottonmouth Kisses,No
27967055,No,The Yiling Matriarchs,No
25580548,No,(i've got) trouble in mind,No
24848059,Yes,Mother of Karma,No
25118428,No,Change,Yes
24079255,No,Happiness Found in a Bottle,No
27928798,No,seventy minutes to tell,Yes
22708558,No,trapped between two lungs,No
27681500,Yes,Sighs to the Bright Moon,Yes
24953650,No,Your Regard,No
26618278,No,Lonely Little Lotus,Yes
24028639,No,Thrown Open Windows,No
26309761,No,What I Am Left With,No
28034148,Yes,if you love someone,No
25509805,Yes,All (Good) Things Must Come To An End,No
25481734,No,Stay and Dine With Me,No
16293146,No,"those lips, let's shut them with mine",No
26745085,No,red string and soft boys,No
27272212,No,as funny as bored housewife,No
28207344,Yes,Sharing is Caring,No
15462447,No,Dissipate,No
26953588,No,beating at the water (don't wash me away),No
22842919,Yes,before the sun falls,No
23691259,No,"Kept Man, Kept Men",No
27421768,No,ten drabbles,Yes
24233344,Yes,Be Mine,No
23564656,No,the golden warrior,No
27381874,No,ASSONARE,Yes
20587427,No,Inquiry,No
28053942,Yes,"Down, down, down",No
25086343,Yes,Elephant in the Porcelain Shop,No
27845323,Yes,[Podfic] kind of a stretch to think LXC would commit murder but ok,No
16271927,No,Beyond the Sun is my Ghost,No
24717079,No,heaven help me (i need to make this right),No
27655868,Yes,Aunty Sunshine,No
27857918,No,Sound of the Waves Collide,Yes
24343150,No,Representation Is So Important,No
27514495,Yes,Babysitting for Dummies,No
26191840,Yes,To Know Him Is To Love Him,Yes
27881645,Yes,was in the spring,No
28004922,No,lucky like that (to have you in my life),No
24466360,No,Big Brother,No
26058421,No,your kingdom built around me,No
20250541,No,We Move Like The Ocean,No
27959576,Yes,Hope,No
22639897,No,No More Masks,No
21256811,No,Further Than I Ever Have,Yes
22243303,No,My home is you,No
25089505,No,careful and persistent,No
21577075,No,"Not the Same, But Still Good",No
25010482,No,on display,Yes
28043340,Yes,Untrustworthy Boy,No
25034254,No,A Season to Uproot,Yes
27637358,No,used to want you dead (now i only want you gone),Yes
27673486,No,i might as well sit here on my own,Yes
26501491,No,spill your guts,No
19975780,No,The Fox and the Deer,No
23013313,No,Whole Again,No
22112833,No,Of Sweets,No
27699467,Yes,Iridescence,Yes
27845323,No,[Podfic] kind of a stretch to think LXC would commit murder but ok,No
20655089,No,"Dark Sun, White Moon",No
18492499,No,Mending the Pieces,No
25583443,No,Meng Yao Sends Horny Text,Yes
23414215,No,A Fragrant Wine Fears No Dark Alley,No
20804180,Yes,Of Choice,No
26533249,No,Rise of the Peacock,No
23324395,No,Memories of a Past Life,Yes
27655868,No,Aunty Sunshine,No
27857918,Yes,Sound of the Waves Collide,Yes
25084435,No,Hollow,No
23717254,No,i'll paint you a clear blue sky,No
27074671,No,[Podfic] set that crown on the ground,No
27595015,Yes,"Lovers, Lurkers and Liabilities",Yes
16295423,No,Vanishing in the Jade Garden,No
22893784,No,Auspicious Day,No
24481690,No,"Your Shadow, My Storm",No
27115999,Yes,there's a hole in my soul (can you fill it?),No
22713376,No,time brings me back to you; look at how our lifetime's rendezvous has transformed,No
24999025,No,Dawn Goes Down to Day,Yes
26220511,Yes,bet Qin Su doesn't know her husband is committing infidelity,No
22692427,No,童话 (Tónghuà),No
23935555,No,What Breaks Apart,No
19130167,No,reasons for a kiss,No
25667563,No,tell me what I already know,No
27434845,No,Boring Parties,Yes
26425246,No,A Matter of Age,Yes
16282886,No,No Clothes,No
22708282,No,Rebuilding,No
24581452,No,burn his desires away,No
22693765,No,Last Stop Out Of Yiling City,No
22467730,No,Of Idiocy and Matchmaking,No
27679216,No,A Long Way Away,No
21107351,No,Teeny Twitter Drabble Requests,No
21452191,No,"Like Father, Like Son",No
26313634,Yes,i met a lady in the meads,No
24371689,Yes,"Omega, son of a butcher",No
27727031,Yes,Hazy and Bunnies,No
24055018,No,To Nurture our Bonds,No
25788469,No,let me believe,No
20969588,No,Guilty Pleasures,No
25524361,No,honey preserves,No
25511182,No,Too Kind to Be Cruel,Yes
17791688,No,Anniversary,No
20611592,No,And I'll never have that recipe again,No
27673486,Yes,i might as well sit here on my own,Yes
25839922,Yes,tainted by scars,No
25057753,No,Dream a little dream of me,No
24581380,No,The Envy of Vines,No
27280189,Yes,choices,Yes
23157112,No,有情人终成眷属 | Love Always Finds A Way,No
27601052,No,Lost on you,No
25835698,No,two-headed puppet by Sectionladvivi [podfic],No
27999687,No,maybe this is what you wanted,No
22654261,No,tsundere sect leader gets papapa (times five)!,No
25014622,No,book 1: yellow peony in spring,No
18924928,No,Tainted,No
20960072,No,show me where my armor ends (show me where my skin begins),No
25811128,No,Fighter,No
26136349,No,The Proof,No
23413741,No,with my peers,No
27336166,No,made for each other,No
25216897,No,Call and Response,No
21019697,No,The Price of Old Wishes,No
24827416,No,The Nature of Us,Yes
23758255,No,yours in no unique condition,No
22665613,No,Events that Precede a Disaster,Yes
25080262,No,Blossoming Flowers',Yes
27880893,No,superstition,Yes
24438211,No,A Misunderstanding,No
20437793,No,Having Fun: Wei Wuxian's Style,No
24253372,No,pieces,No
23698114,Yes,honey,No
27753697,Yes,Long Night,No
20672579,No,the sound of pulling heaven down,No
25857580,No,Song Lan and Zewu Jun's Road Trip,No
25641313,No,gilt,Yes
24952072,No,Diplomacy,No
18694672,No,The Honorable Cultivation Competition of Athletics,No
21658114,No,Begotten,No
22654261,Yes,tsundere sect leader gets papapa (times five)!,No
25348384,No,Rain on my heart,No
16435691,No,Jon GuangToe,No
25377406,No,meng yao and the giving tree,No
20792837,No,Perhaps we will meet again in our next lifetime,No
25471069,No,letting go,No
27605752,No,Surprise visit,Yes
26454037,No,Falling in Love Will Kill You,No
28191585,No,"Come with me, Never let us part again",No
27251878,No,the dust on the horizon,No
28201044,Yes,painted paradise,No
23301781,No,When the Fog Finally Clears,No
26167852,No,his work to see,No
27292996,No,One Letter Changes the Wor(l)d,Yes
25358371,Yes,Goddess of the Blade,Yes
20450267,No,Grandmaster of Meme-onic Cultivation,Yes
24120334,No,A history of lovers,Yes
26877067,No,Do They Know?,Yes
23258527,No,One More Time,No
24509539,No,Pride Month Drabbles 2020,No
27649433,No,Keep It Smooth,No
25358371,No,Goddess of the Blade,Yes
24540436,Yes,come come kitty kitty (you're so silly silly),No
27185858,No,Shiptober 2020,Yes
21029582,No,Red Blades Hidden in the Overgrowth,Yes
18618361,No,绿野仙踪,No
26297473,No,Recompense,No
25481734,Yes,Stay and Dine With Me,No
26091118,Yes,Emotional Hiccup,Yes
21091940,No,Cool Silk Slipping Away,No
26632711,No,shovel & bleach,No
24518644,No,"Gold Not Blue, Blue Not Gold",No
24717139,No,"Because you're lonely in your nightmare, let me in.",No
26599363,No,Many Impossible Things,Yes
25737739,No,The Entire Sky Between Us,No
25979707,No,Show Me Where My Skin Begins,No
26653834,No,Ride your face like riding my sword.,No
23613199,No,QINGHE HAREM STORIES!!!!,Yes
24689971,No,the fate you've carved on me,No
24200824,Yes,marriage on the surface,Yes
27695917,Yes,All My Heart | 不死心,No
23423479,No,To live is to regret,Yes
25384027,No,Laying my longing to rest,No
23991991,No,Zewu Jun's Pen Pal is a Demonic Cultivator,No
23869264,No,"more than slack rope, more than sunstroke",Yes
17426288,No,Hindsight,No
27847882,Yes,"Sometimes, your mouth is your own.",Yes
23877937,No,Perseverance,No
27545320,Yes,[podfic] Monster Theory: Seven Theses,No
26030527,No,"go slow, nah, go fast (you like it just as much as me)",No
26855329,Yes,The Brotherhood of Mistreated Jins (and Qin Su),Yes
20475125,No,a lot can come from being in love with your captain,No
26231965,Yes,blanket of stars,Yes
24370762,No,Poisonous Truths,No
24392722,Yes,Perfect Illusion,No
21022679,No,This means WAR,No
23519020,No,MDZS/Untamed Spring Fest 2020 Ficlets,No
23421220,No,Yuanfen,No
26170777,No,from his mouth whose voice will draw on more,No
22917130,No,Secret World of Cultivation,Yes
27765175,Yes,Smile,Yes
21254117,No,Sworn Brotherhood (Venerated Triad),No
25449223,Yes,My Erstwhile Dear,No
23310553,No,Meng Yao/Jin Guangyao-Centric Drabbles,Yes
27550039,No,"these, our bodies",Yes
26900926,Yes,A Perfect Start,Yes
26765659,No,The Hallowing of Pain,Yes
25530325,No,Taking Small Steps Towards You,Yes
26180965,No,Intoxicating Peace | 醉太平,Yes
26448862,No,Grow With You,No
24941629,Yes,All That Glitters,No
27198145,Yes,Overrated Immortality,Yes
22590268,No,The Ceremony of Tea,No
26885725,No,Shadows of Broken Things,No
25620700,No,Match,No
28157349,Yes,heaven's calamities and man-made disasters,No
26025709,No,Unclean Melody,No
26984791,No,Interstice,No
27118660,No,V,Yes
22745704,Yes,perfect pretenders,No
21571024,No,Spy,No
27776968,No,these still waters,No
17566847,No,Evocations of Brilliance and Shadow | 唤起阴魂阳神,No
23918317,No,holding,No
20837000,No,Let me play you a love song,No
27320203,Yes,"A Heart, Tightly-Strung | 一触就响",Yes
24746800,No,dream of red mansions,No
25907023,No,A Game of Survival,No
20219854,No,Maybe This Time,No
25333936,No,to hoard promises that could snuff out the lie,Yes
27643510,Yes,Three Autumns | 一日三秋,No
25861549,No,a constant battle,Yes
24121189,No,"discord the app, the noun, or that guy from my little pony?",No
27128461,Yes,Kalki Comes Calling,No
26195260,Yes,Into the A+ Advice Box #18: Do You Have Throuple Potential and More!,No
27767974,No,Writing Letters,No
24711955,No,Among Lunar Ashes We Seek Solace,Yes
22870765,No,the easy way out,No
22591621,No,Get out of my head,No
26240341,No,A Different Lens,No
19984771,No,Clouds and Flowers Blue,No
27324682,No,The Basket Case,Yes
22015897,No,Work of Fiction: Venerated Triad,No
25074985,Yes,For Want of a Nap,No
25623973,No,"The End of Me, Talking Like That",Yes
20160862,No,MDZS Smut Prompts,No
24507715,No,The sacred simplicity of you by my side,No
21115121,No,Kinktober 2019 [Drabbles],No
21082394,Yes,"""I trusted you""",No
17602694,No,the truth untold,No
26556430,No,not only you and me,No
28186641,No,敗類,No
26349205,No,YilingPatriarch Gets Blackmailed [Cringe Comp],Yes
23236780,No,Certain Dark Things,No
24900454,No,"MDZS Ficlet Fest: You Ask, You Receive",No
21149351,No,":: someone at the door, someone who was not there before ::",No
25791574,Yes,Some Nights Are Better,No
25342639,No,Let there be hotel complaints and grievances raised,Yes
27430693,Yes,Hold Me Close to Your Heart,Yes
26864536,No,Flawless,No
18594394,No,Match made in heaven,No
24951880,No,hesitation,No
26964289,No,see you in all your colors,Yes
25659820,No,"abstinence, denial",No
25970539,No,After Cruelty,No
27713972,Yes,"both the prison and the open hand (bells on low, on high)",No
18884962,No,Office Rendezvous,Yes
25587073,No,All is Fair in Love and War,No
25855105,Yes,Drunk,No
23278018,No,pluck the stars,No
23651737,No,cut-paper shards,Yes
22695328,Yes,"Never Been Much of a Good, Good Woman",No
24760099,Yes,Sworn Hole Brothers,No
27889867,No,stuck between your teeth,No
21680656,No,Everything From The Start (is wrong),No
25066600,No,Terminal,No
25337311,No,Of Blindness in the dark,Yes
26046058,No,A kind of game,No
25702030,No,"Peach, Plum, Pear",No
16236767,No,My Last Breath,No
23869264,Yes,"more than slack rope, more than sunstroke",Yes
26615659,Yes,slight air and purging fire,No
28165200,No,this lives in memory,No
15869199,No,Prompted MDZS One-Shots,No
25746448,No,Gusu Lan’s Summer Camp For Horny Cultivators,No
15448974,No,a fine day,No
27790510,No,[fanvid] Good Grief,No
20410426,No,Don't Cut Me Out,No
28196847,Yes,[Fanart] A Show of Appreciation,No
22778986,Yes,Splendor Solis,No
21739999,No,"C'mere Boy, Down Boy",Yes
21738598,No,Mistletoe,No
24698797,Yes,The Contract,No
