Work ID,col ct 2,URL,Collection 1,Collection 2,Collection 3
26884240,1,https://archiveofourown.org/works/26884240,Octobercest 2020!,,
25275433,1,https://archiveofourown.org/works/25275433,XiYao Month 01-31.07.2020,,
25275433,1,https://archiveofourown.org/works/25275433,XiYao Month 01-31.07.2020,,
25275433,1,https://archiveofourown.org/works/25275433,XiYao Month 01-31.07.2020,,
26876098,1,https://archiveofourown.org/works/26876098,Lan Xichen's Birthday Week 2020 Collection,,
25034254,2,https://archiveofourown.org/works/25034254,XiYao Month 01-31.07.2020,Reincarnation and Transmigration,
25580548,2,https://archiveofourown.org/works/25580548,M√≥ D√†o Z«î Shƒ´ | The Untamed Kink Meme 2020,An Untamed kinky good time,
25286845,1,https://archiveofourown.org/works/25286845,XiYao Month 01-31.07.2020,,
25286845,1,https://archiveofourown.org/works/25286845,XiYao Month 01-31.07.2020,,
25286845,1,https://archiveofourown.org/works/25286845,XiYao Month 01-31.07.2020,,
25469824,1,https://archiveofourown.org/works/25469824,XiYao Month 01-31.07.2020,,
25469824,1,https://archiveofourown.org/works/25469824,XiYao Month 01-31.07.2020,,
25809859,1,https://archiveofourown.org/works/25809859,M√≥ D√†o Z«î Shƒ´ | The Untamed Kink Meme 2020,,
19975780,2,https://archiveofourown.org/works/19975780,Reincarnation and Transmigration,Scfavoritesofmine,
23324395,1,https://archiveofourown.org/works/23324395,Reincarnation and Transmigration,,
23576455,1,https://archiveofourown.org/works/23576455,Scfavoritesofmine,,
25196434,1,https://archiveofourown.org/works/25196434,XiYao Month 01-31.07.2020,,
25196434,1,https://archiveofourown.org/works/25196434,XiYao Month 01-31.07.2020,,
26890612,1,https://archiveofourown.org/works/26890612,Lan Xichen's Birthday Week 2020 Collection,,
25363996,1,https://archiveofourown.org/works/25363996,XiYao Month 01-31.07.2020,,
25363996,1,https://archiveofourown.org/works/25363996,XiYao Month 01-31.07.2020,,
25363996,1,https://archiveofourown.org/works/25363996,XiYao Month 01-31.07.2020,,
25128967,1,https://archiveofourown.org/works/25128967,XiYao Month 01-31.07.2020,,
25128967,1,https://archiveofourown.org/works/25128967,XiYao Month 01-31.07.2020,,
25128967,1,https://archiveofourown.org/works/25128967,XiYao Month 01-31.07.2020,,
22759027,1,https://archiveofourown.org/works/22759027,Jin Guangyao Month 01-29.02.2020,,
25267483,1,https://archiveofourown.org/works/25267483,M√≥ D√†o Z«î Shƒ´ | The Untamed Kink Meme 2020,,
25267483,1,https://archiveofourown.org/works/25267483,M√≥ D√†o Z«î Shƒ´ | The Untamed Kink Meme 2020,,
25267483,1,https://archiveofourown.org/works/25267483,M√≥ D√†o Z«î Shƒ´ | The Untamed Kink Meme 2020,,
25461511,1,https://archiveofourown.org/works/25461511,XiYao Month 01-31.07.2020,,
25461511,1,https://archiveofourown.org/works/25461511,XiYao Month 01-31.07.2020,,
25533481,1,https://archiveofourown.org/works/25533481,XiYao Month 01-31.07.2020,,
24932866,1,https://archiveofourown.org/works/24932866,The 2020 MXTX Exchange,,
24717139,1,https://archiveofourown.org/works/24717139,The Untamed - fav,,
25089505,1,https://archiveofourown.org/works/25089505,XiYao Month 01-31.07.2020,,
24509539,1,https://archiveofourown.org/works/24509539,Anonymous,,
16236767,2,https://archiveofourown.org/works/16236767,Time Travel and World Travel,AsianDramas,
25773439,1,https://archiveofourown.org/works/25773439,‚òÜ‚ÄôÔΩ•Ôæü:*:ÔΩ•ÔΩ°jin  siblingsÔΩ°ÔΩ•:*:ÔΩ•Ôæü‚Äô‚òÖ,,
25691596,1,https://archiveofourown.org/works/25691596,M√≥ D√†o Z«î Shƒ´ | The Untamed Kink Meme 2020,,
25015321,2,https://archiveofourown.org/works/25015321,XiYao Month 01-31.07.2020,Reincarnation and Transmigration,
23221654,1,https://archiveofourown.org/works/23221654,Reincarnation and Transmigration,,
27298078,1,https://archiveofourown.org/works/27298078,M√≥ D√†o Z«î Shƒ´ | The Untamed Kink Meme 2020,,
25338007,1,https://archiveofourown.org/works/25338007,XiYao Month 01-31.07.2020,,
25338007,1,https://archiveofourown.org/works/25338007,XiYao Month 01-31.07.2020,,
25338007,1,https://archiveofourown.org/works/25338007,XiYao Month 01-31.07.2020,,
26568670,1,https://archiveofourown.org/works/26568670,Darkest Night 2020,,
27104590,1,https://archiveofourown.org/works/27104590,Chengyi Harvest Festival 2020,,
22228672,1,https://archiveofourown.org/works/22228672,Short XiCheng Fanfics,,
25313890,1,https://archiveofourown.org/works/25313890,XiYao Month 01-31.07.2020,,
25313890,1,https://archiveofourown.org/works/25313890,XiYao Month 01-31.07.2020,,
25313890,1,https://archiveofourown.org/works/25313890,XiYao Month 01-31.07.2020,,
17922374,1,https://archiveofourown.org/works/17922374,È≠îÈÅìÁ•ñÂ∏à/Grandmaster of Demonic Cultivation,,
24689971,1,https://archiveofourown.org/works/24689971,CQL ficrecs for GC,,
25511182,1,https://archiveofourown.org/works/25511182,XiYao Month 01-31.07.2020,,
24782392,1,https://archiveofourown.org/works/24782392,Nonconathon 2020,,
26587456,1,https://archiveofourown.org/works/26587456,WangXian,,
25034119,1,https://archiveofourown.org/works/25034119,XiYao Month 01-31.07.2020,,
27283078,1,https://archiveofourown.org/works/27283078,Wei Wuxian's Birthday Gift Exchange,,
25244206,1,https://archiveofourown.org/works/25244206,XiYao Month 01-31.07.2020,,
25244206,1,https://archiveofourown.org/works/25244206,XiYao Month 01-31.07.2020,,
23497162,3,https://archiveofourown.org/works/23497162,The Untamed,Mo Dao Zu Shi and The Untamed,Favorite the Untamed/Mo Dao Zu Shi
27327091,1,https://archiveofourown.org/works/27327091,Jiang Cheng Love Month 2020,,
22615195,1,https://archiveofourown.org/works/22615195,Jin Guangyao Month 01-29.02.2020,,
27056068,1,https://archiveofourown.org/works/27056068,Xisang week 2020,,
25229719,1,https://archiveofourown.org/works/25229719,XiYao Month 01-31.07.2020,,
25229719,1,https://archiveofourown.org/works/25229719,XiYao Month 01-31.07.2020,,
25027426,1,https://archiveofourown.org/works/25027426,XiYao Month 01-31.07.2020,,
19069612,1,https://archiveofourown.org/works/19069612,SVSSS/MDZS/TGCF,,
21918181,1,https://archiveofourown.org/works/21918181,FLUFFEMBER2019,,
27236854,1,https://archiveofourown.org/works/27236854,XiyaoBlackMoon,,
27236854,1,https://archiveofourown.org/works/27236854,XiyaoBlackMoon,,
22511230,2,https://archiveofourown.org/works/22511230,Jin Guangyao Month 01-29.02.2020,Different Starts for our Beloved Gremlins,
25342639,1,https://archiveofourown.org/works/25342639,Anonymous Fics,,
20405932,2,https://archiveofourown.org/works/20405932,Time Travel and World Travel,Scfavoritesofmine,
21603607,1,https://archiveofourown.org/works/21603607,Peony Pages - MDZS Juniors,,
25271929,1,https://archiveofourown.org/works/25271929,Level 2 Quest 2: –í–∏–∑—É–∞–ª –æ—Ç G –¥–æ T 2020,,
25271929,1,https://archiveofourown.org/works/25271929,Level 2 Quest 2: –í–∏–∑—É–∞–ª –æ—Ç G –¥–æ T 2020,,
27507778,1,https://archiveofourown.org/works/27507778,MXTX Polyamory Flash Exchange 2020,,
25645927,1,https://archiveofourown.org/works/25645927,XiYao Month 01-31.07.2020,,
25157065,1,https://archiveofourown.org/works/25157065,XiYao Month 01-31.07.2020,,
25157065,1,https://archiveofourown.org/works/25157065,XiYao Month 01-31.07.2020,,
25407265,1,https://archiveofourown.org/works/25407265,XiYao Month 01-31.07.2020,,
25407265,1,https://archiveofourown.org/works/25407265,XiYao Month 01-31.07.2020,,
25407265,1,https://archiveofourown.org/works/25407265,XiYao Month 01-31.07.2020,,
27047140,1,https://archiveofourown.org/works/27047140,Whumptober 2020,,
25669123,1,https://archiveofourown.org/works/25669123,XiYao Month 01-31.07.2020,,
27601052,1,https://archiveofourown.org/works/27601052,M√≥ D√†o Z«î Shƒ´ | The Untamed Kink Meme 2020,,
23301841,1,https://archiveofourown.org/works/23301841,Lan Huan Protection Squad,,
25387912,1,https://archiveofourown.org/works/25387912,Lovemail wangxian+fan back,,
25387912,1,https://archiveofourown.org/works/25387912,Lovemail wangxian+fan back,,
25387912,1,https://archiveofourown.org/works/25387912,Lovemail wangxian+fan back,,
18594394,1,https://archiveofourown.org/works/18594394,Anonymous,,
21043385,1,https://archiveofourown.org/works/21043385,Shipoween 2019 - The Halloween Ship Exchange!,,
25214296,1,https://archiveofourown.org/works/25214296,XiYao Month 01-31.07.2020,,
25214296,1,https://archiveofourown.org/works/25214296,XiYao Month 01-31.07.2020,,
16342619,1,https://archiveofourown.org/works/16342619,Time Travel and World Travel,,
22154998,1,https://archiveofourown.org/works/22154998,Anonymous,,
25176229,1,https://archiveofourown.org/works/25176229,XiYao Month 01-31.07.2020,,
25176229,1,https://archiveofourown.org/works/25176229,XiYao Month 01-31.07.2020,,
27344323,2,https://archiveofourown.org/works/27344323,3zun Discord Collection,MDZS Monster Love,
23278018,1,https://archiveofourown.org/works/23278018,Lan Huan Protection Squad,,
27274051,1,https://archiveofourown.org/works/27274051,Wei Wuxian's Birthday Gift Exchange,,
25245829,3,https://archiveofourown.org/works/25245829,M√≥ D√†o Z«î Shƒ´ | The Untamed Kink Meme 2020,Anonymous,Worm Writing
,,,,,
25027138,1,https://archiveofourown.org/works/25027138,XiYao Month 01-31.07.2020,,
24941629,1,https://archiveofourown.org/works/24941629,The 2020 MXTX Exchange,,
22646980,1,https://archiveofourown.org/works/22646980,MXTX Bang 2019,,
23273674,1,https://archiveofourown.org/works/23273674,Lan Huan Protection Squad,,
25631485,1,https://archiveofourown.org/works/25631485,XiYao Month 01-31.07.2020,,
23266966,1,https://archiveofourown.org/works/23266966,Lan Huan Protection Squad,,
22232680,1,https://archiveofourown.org/works/22232680,Jin Guangyao Month 01-29.02.2020,,
21707392,1,https://archiveofourown.org/works/21707392,New Canon+,,
26025709,1,https://archiveofourown.org/works/26025709,M√≥ D√†o Z«î Shƒ´ | The Untamed Kink Meme 2020,,
23354797,1,https://archiveofourown.org/works/23354797,Out Of The Auditary 2020,,
25440703,1,https://archiveofourown.org/works/25440703,XiYao Month 01-31.07.2020,,
25440703,1,https://archiveofourown.org/works/25440703,XiYao Month 01-31.07.2020,,
26235574,1,https://archiveofourown.org/works/26235574,XiYao Month 01-31.07.2020,,
24906283,1,https://archiveofourown.org/works/24906283,The 2020 MXTX Exchange,,
24943630,1,https://archiveofourown.org/works/24943630,XiYao Month 01-31.07.2020,,
17497925,1,https://archiveofourown.org/works/17497925,Reincarnation and Transmigration,,
25976752,1,https://archiveofourown.org/works/25976752,M√≥ D√†o Z«î Shƒ´ | The Untamed Kink Meme 2020,,
21771577,1,https://archiveofourown.org/works/21771577,@wangxianfics tumblr archive collection,,
25051153,1,https://archiveofourown.org/works/25051153,XiYao Month 01-31.07.2020,,
24963208,1,https://archiveofourown.org/works/24963208,Anonymous,,
22590268,1,https://archiveofourown.org/works/22590268,Chocolate Box - Round 5,,
23278804,1,https://archiveofourown.org/works/23278804,Lan Huan Protection Squad,,
27225916,1,https://archiveofourown.org/works/27225916,XiyaoBlackMoon,,
27225916,1,https://archiveofourown.org/works/27225916,XiyaoBlackMoon,,
23421220,1,https://archiveofourown.org/works/23421220,Lan Huan Protection Squad,,
27570199,1,https://archiveofourown.org/works/27570199,M√≥ D√†o Z«î Shƒ´ | The Untamed Kink Meme 2020,,
26368450,1,https://archiveofourown.org/works/26368450,XiYao Month 01-31.07.2020,,
25165135,1,https://archiveofourown.org/works/25165135,XiYao Month 01-31.07.2020,,
25165135,1,https://archiveofourown.org/works/25165135,XiYao Month 01-31.07.2020,,
23241757,1,https://archiveofourown.org/works/23241757,Lan Huan Protection Squad,,
25230655,1,https://archiveofourown.org/works/25230655,XiYao Month 01-31.07.2020,,
25230655,1,https://archiveofourown.org/works/25230655,XiYao Month 01-31.07.2020,,
25257796,1,https://archiveofourown.org/works/25257796,XiYao Month 01-31.07.2020,,
25257796,1,https://archiveofourown.org/works/25257796,XiYao Month 01-31.07.2020,,
25384693,1,https://archiveofourown.org/works/25384693,filled the CQL-shaped hole in my heart,,
27244366,1,https://archiveofourown.org/works/27244366,XiyaoBlackMoon,,
27244366,1,https://archiveofourown.org/works/27244366,XiyaoBlackMoon,,
25046020,1,https://archiveofourown.org/works/25046020,XiYao Month 01-31.07.2020,,
25046020,1,https://archiveofourown.org/works/25046020,XiYao Month 01-31.07.2020,,
25046020,1,https://archiveofourown.org/works/25046020,XiYao Month 01-31.07.2020,,
25549876,1,https://archiveofourown.org/works/25549876,XiYao Month 01-31.07.2020,,
25050553,1,https://archiveofourown.org/works/25050553,XiYao Month 01-31.07.2020,,
25100854,1,https://archiveofourown.org/works/25100854,XiYao Month 01-31.07.2020,,
26743267,1,https://archiveofourown.org/works/26743267,Yi City 4 Xiyao Solidarity Write-In 2020,,
26381290,1,https://archiveofourown.org/works/26381290,M√≥ D√†o Z«î Shƒ´ | The Untamed Kink Meme 2020,,
26836177,1,https://archiveofourown.org/works/26836177,Lan Xichen's Birthday Week 2020 Collection,,
25530244,1,https://archiveofourown.org/works/25530244,Xiyao Zero Pining Hours,,
18418394,1,https://archiveofourown.org/works/18418394,[MDZS] *Ship Trinity* [XiYao_WangXian_XueXiao],,
22869058,1,https://archiveofourown.org/works/22869058,Jin Guangyao Month 01-29.02.2020,,
22531450,1,https://archiveofourown.org/works/22531450,MDZS - Seasons Zine,,
25008775,1,https://archiveofourown.org/works/25008775,XiYao Month 01-31.07.2020,,
22566421,1,https://archiveofourown.org/works/22566421,Reincarnation and Transmigration,,
24481690,1,https://archiveofourown.org/works/24481690,T/CBL,,
21939784,1,https://archiveofourown.org/works/21939784,MXTX Creative Space Secret Santa 2019,,
22685005,1,https://archiveofourown.org/works/22685005,Jin Guangyao Month 01-29.02.2020,,
25279510,1,https://archiveofourown.org/works/25279510,M√≥ D√†o Z«î Shƒ´ | The Untamed Kink Meme 2020,,
25279510,1,https://archiveofourown.org/works/25279510,M√≥ D√†o Z«î Shƒ´ | The Untamed Kink Meme 2020,,
25279510,1,https://archiveofourown.org/works/25279510,M√≥ D√†o Z«î Shƒ´ | The Untamed Kink Meme 2020,,
26449504,1,https://archiveofourown.org/works/26449504,M√≥ D√†o Z«î Shƒ´ | The Untamed Kink Meme 2020,,
26170816,1,https://archiveofourown.org/works/26170816,3zun Discord Collection,,
26714254,2,https://archiveofourown.org/works/26714254,Yi City 4 Xiyao Solidarity Write-In 2020,M√≥ D√†o Z«î Shƒ´ | The Untamed Kink Meme 2020,
25020049,1,https://archiveofourown.org/works/25020049,XiYao Month 01-31.07.2020,,
25020049,1,https://archiveofourown.org/works/25020049,XiYao Month 01-31.07.2020,,
23283484,1,https://archiveofourown.org/works/23283484,Lan Huan Protection Squad,,
24451402,1,https://archiveofourown.org/works/24451402,T/CBL,,
21580930,1,https://archiveofourown.org/works/21580930,Peony Pages - MDZS Juniors,,
25062889,1,https://archiveofourown.org/works/25062889,XiYao Month 01-31.07.2020,,
26046058,1,https://archiveofourown.org/works/26046058,M√≥ D√†o Z«î Shƒ´ | The Untamed Kink Meme 2020,,
25086343,1,https://archiveofourown.org/works/25086343,XiYao Month 01-31.07.2020,,
25086343,1,https://archiveofourown.org/works/25086343,XiYao Month 01-31.07.2020,,
25067791,1,https://archiveofourown.org/works/25067791,Reincarnation and Transmigration,,
25176727,1,https://archiveofourown.org/works/25176727,XiYao Month 01-31.07.2020,,
25176727,1,https://archiveofourown.org/works/25176727,XiYao Month 01-31.07.2020,,
27465697,1,https://archiveofourown.org/works/27465697,MXTX Polyamory Flash Exchange 2020,,
26866636,1,https://archiveofourown.org/works/26866636,M√≥ D√†o Z«î Shƒ´ | The Untamed Kink Meme 2020,,
27245914,2,https://archiveofourown.org/works/27245914,M√≥ D√†o Z«î Shƒ´ | The Untamed Kink Meme 2020,XiyaoBlackMoon,
,,,,,
25597138,1,https://archiveofourown.org/works/25597138,M√≥ D√†o Z«î Shƒ´ | The Untamed Kink Meme 2020,,
26499685,1,https://archiveofourown.org/works/26499685,M√≥ D√†o Z«î Shƒ´ | The Untamed Kink Meme 2020,,
26746033,1,https://archiveofourown.org/works/26746033,Yi City 4 Xiyao Solidarity Write-In 2020,,
26831551,1,https://archiveofourown.org/works/26831551,Lan Xichen's Birthday Week 2020 Collection,,
25642540,1,https://archiveofourown.org/works/25642540,XiYao Month 01-31.07.2020,,
25071568,1,https://archiveofourown.org/works/25071568,XiYao Month 01-31.07.2020,,
23327740,2,https://archiveofourown.org/works/23327740,Best of WangXian,Waitingforupdatessc,
25541806,1,https://archiveofourown.org/works/25541806,Xiyao Zero Pining Hours,,
25391197,1,https://archiveofourown.org/works/25391197,XiYao Month 01-31.07.2020,,
25391197,1,https://archiveofourown.org/works/25391197,XiYao Month 01-31.07.2020,,
25391197,1,https://archiveofourown.org/works/25391197,XiYao Month 01-31.07.2020,,
24417580,1,https://archiveofourown.org/works/24417580,Peony Pages - MDZS Juniors,,
26698396,1,https://archiveofourown.org/works/26698396,Yi City 4 Xiyao Solidarity Write-In 2020,,
25111774,1,https://archiveofourown.org/works/25111774,XiYao Month 01-31.07.2020,,
27596393,1,https://archiveofourown.org/works/27596393,XiYao Month 01-31.07.2020,,
24953650,1,https://archiveofourown.org/works/24953650,The 2020 MXTX Exchange,,
27477580,1,https://archiveofourown.org/works/27477580,M√≥ D√†o Z«î Shƒ´ | The Untamed Kink Meme 2020,,
25312603,1,https://archiveofourown.org/works/25312603,XiYao Month 01-31.07.2020,,
25312603,1,https://archiveofourown.org/works/25312603,XiYao Month 01-31.07.2020,,
25312603,1,https://archiveofourown.org/works/25312603,XiYao Month 01-31.07.2020,,
25044073,1,https://archiveofourown.org/works/25044073,XiYao Month 01-31.07.2020,,
,,,,,
,,,,,
27258808,1,https://archiveofourown.org/works/27258808,XiyaoBlackMoon,,
27258808,1,https://archiveofourown.org/works/27258808,XiyaoBlackMoon,,
26692966,1,https://archiveofourown.org/works/26692966,Yi City 4 Xiyao Solidarity Write-In 2020,,
26714704,2,https://archiveofourown.org/works/26714704,Yi City 4 Xiyao Solidarity Write-In 2020,BUT WHAT ABOUT QIN SU?????,
20250541,1,https://archiveofourown.org/works/20250541,Writer's Month 2019,,
26732236,1,https://archiveofourown.org/works/26732236,Yi City 4 Xiyao Solidarity Write-In 2020,,
26554516,1,https://archiveofourown.org/works/26554516,M√≥ D√†o Z«î Shƒ´ | The Untamed Kink Meme 2020,,
24848059,1,https://archiveofourown.org/works/24848059,Anonymous,,
25651525,1,https://archiveofourown.org/works/25651525,XiYao Month 01-31.07.2020,,
26220511,1,https://archiveofourown.org/works/26220511,BUT WHAT ABOUT QIN SU?????,,
25419646,1,https://archiveofourown.org/works/25419646,XiYao Month 01-31.07.2020,,
25419646,1,https://archiveofourown.org/works/25419646,XiYao Month 01-31.07.2020,,
25419646,1,https://archiveofourown.org/works/25419646,XiYao Month 01-31.07.2020,,
25368277,1,https://archiveofourown.org/works/25368277,XiYao Month 01-31.07.2020,,
25368277,1,https://archiveofourown.org/works/25368277,XiYao Month 01-31.07.2020,,
25368277,1,https://archiveofourown.org/works/25368277,XiYao Month 01-31.07.2020,,
23301232,1,https://archiveofourown.org/works/23301232,TWT FIC REC CHAT,,
25562353,1,https://archiveofourown.org/works/25562353,XiYao Month 01-31.07.2020,,
24969166,1,https://archiveofourown.org/works/24969166,XiYao Month 01-31.07.2020,,
27213328,1,https://archiveofourown.org/works/27213328,XiyaoBlackMoon,,
27213328,1,https://archiveofourown.org/works/27213328,XiyaoBlackMoon,,
21325615,1,https://archiveofourown.org/works/21325615,FLUFFEMBER2019,,
26076175,1,https://archiveofourown.org/works/26076175,BUT WHAT ABOUT QIN SU?????,,
22611412,1,https://archiveofourown.org/works/22611412,Jin Guangyao Month 01-29.02.2020,,
25408843,1,https://archiveofourown.org/works/25408843,XiYao Month 01-31.07.2020,,
25408843,1,https://archiveofourown.org/works/25408843,XiYao Month 01-31.07.2020,,
25408843,1,https://archiveofourown.org/works/25408843,XiYao Month 01-31.07.2020,,
23532052,1,https://archiveofourown.org/works/23532052,anonymous,,
27063178,1,https://archiveofourown.org/works/27063178,3 Zun Week 2020,,
25279510,1,https://archiveofourown.org/works/25279510,M√≥ D√†o Z«î Shƒ´ | The Untamed Kink Meme 2020,,
25279510,1,https://archiveofourown.org/works/25279510,M√≥ D√†o Z«î Shƒ´ | The Untamed Kink Meme 2020,,
25279510,1,https://archiveofourown.org/works/25279510,M√≥ D√†o Z«î Shƒ´ | The Untamed Kink Meme 2020,,
26729485,1,https://archiveofourown.org/works/26729485,Yi City 4 Xiyao Solidarity Write-In 2020,,
25598341,1,https://archiveofourown.org/works/25598341,Xiyao Zero Pining Hours,,
23423137,1,https://archiveofourown.org/works/23423137,Lan Huan Protection Squad,,
20611592,1,https://archiveofourown.org/works/20611592,3 Zun Week 2019,,
27274081,2,https://archiveofourown.org/works/27274081,The Untamed,M√≤xiƒÅng T√≥ngxi√π (Â¢®È¶ôÈìúËá≠) based fics,
25391098,1,https://archiveofourown.org/works/25391098,M√≥ D√†o Z«î Shƒ´ | The Untamed Kink Meme 2020,,
25391098,1,https://archiveofourown.org/works/25391098,M√≥ D√†o Z«î Shƒ´ | The Untamed Kink Meme 2020,,
25391098,1,https://archiveofourown.org/works/25391098,M√≥ D√†o Z«î Shƒ´ | The Untamed Kink Meme 2020,,
25106338,1,https://archiveofourown.org/works/25106338,XiYao Month 01-31.07.2020,,
22325365,2,https://archiveofourown.org/works/22325365,Reincarnation and Transmigration,SVSSS/MDZS/TGCF,
25057753,1,https://archiveofourown.org/works/25057753,XiYao Month 01-31.07.2020,,
26375692,1,https://archiveofourown.org/works/26375692,M√≥ D√†o Z«î Shƒ´ | The Untamed Kink Meme 2020,,
25396042,1,https://archiveofourown.org/works/25396042,M√≥ D√†o Z«î Shƒ´ | The Untamed Kink Meme 2020,,
25396042,1,https://archiveofourown.org/works/25396042,M√≥ D√†o Z«î Shƒ´ | The Untamed Kink Meme 2020,,
25396042,1,https://archiveofourown.org/works/25396042,M√≥ D√†o Z«î Shƒ´ | The Untamed Kink Meme 2020,,
23280202,2,https://archiveofourown.org/works/23280202,Lan Huan Protection Squad,[MDZS] *Ship Trinity* [XiYao_WangXian_XueXiao],
25611052,1,https://archiveofourown.org/works/25611052,XiYao Month 01-31.07.2020,,
27272767,1,https://archiveofourown.org/works/27272767,M√≥ D√†o Z«î Shƒ´ | The Untamed Kink Meme 2020,,
20837000,1,https://archiveofourown.org/works/20837000,#ficwip,,
25122547,1,https://archiveofourown.org/works/25122547,XiYao Month 01-31.07.2020,,
25524361,1,https://archiveofourown.org/works/25524361,XiYao Month 01-31.07.2020,,
23301781,1,https://archiveofourown.org/works/23301781,Lan Huan Protection Squad,,
17508959,1,https://archiveofourown.org/works/17508959,Time Travel and World Travel,,
27660665,1,https://archiveofourown.org/works/27660665,the_collection,,
27550039,1,https://archiveofourown.org/works/27550039,M√≥ D√†o Z«î Shƒ´ | The Untamed Kink Meme 2020,,
21658114,1,https://archiveofourown.org/works/21658114,filled the CQL-shaped hole in my heart,,
25587073,1,https://archiveofourown.org/works/25587073,XiYao Month 01-31.07.2020,,
25414132,2,https://archiveofourown.org/works/25414132,M√≥ D√†o Z«î Shƒ´ | The Untamed Kink Meme 2020,An Untamed kinky good time,
25899742,1,https://archiveofourown.org/works/25899742,M√≥ D√†o Z«î Shƒ´ | The Untamed Kink Meme 2020,,
27596825,1,https://archiveofourown.org/works/27596825,M√≥ D√†o Z«î Shƒ´ | The Untamed Kink Meme 2020,,
26726410,1,https://archiveofourown.org/works/26726410,Yi City 4 Xiyao Solidarity Write-In 2020,,
22849108,1,https://archiveofourown.org/works/22849108,Time Travel and World Travel,,
22870765,1,https://archiveofourown.org/works/22870765,mdzs fics !!!,,
25154794,1,https://archiveofourown.org/works/25154794,XiYao Month 01-31.07.2020,,
25154794,1,https://archiveofourown.org/works/25154794,XiYao Month 01-31.07.2020,,
26718181,2,https://archiveofourown.org/works/26718181,M√≥ D√†o Z«î Shƒ´ | The Untamed Kink Meme 2020,Yi City 4 Xiyao Solidarity Write-In 2020,
26523874,1,https://archiveofourown.org/works/26523874,M√≥ D√†o Z«î Shƒ´ | The Untamed Kink Meme 2020,,
27251878,1,https://archiveofourown.org/works/27251878,XiyaoBlackMoon,,
27251878,1,https://archiveofourown.org/works/27251878,XiyaoBlackMoon,,
25118428,1,https://archiveofourown.org/works/25118428,M√≥ D√†o Z«î Shƒ´ | The Untamed Kink Meme 2020,,
26324638,1,https://archiveofourown.org/works/26324638,BUT WHAT ABOUT QIN SU?????,,
20828150,1,https://archiveofourown.org/works/20828150,Anonymous,,
25384027,1,https://archiveofourown.org/works/25384027,XiYao Month 01-31.07.2020,,
25384027,1,https://archiveofourown.org/works/25384027,XiYao Month 01-31.07.2020,,
25384027,1,https://archiveofourown.org/works/25384027,XiYao Month 01-31.07.2020,,
23255434,1,https://archiveofourown.org/works/23255434,Lan Huan Protection Squad,,
27259213,1,https://archiveofourown.org/works/27259213,XiyaoBlackMoon,,
27259213,1,https://archiveofourown.org/works/27259213,XiyaoBlackMoon,,
26164918,1,https://archiveofourown.org/works/26164918,M√≥ D√†o Z«î Shƒ´ | The Untamed Kink Meme 2020,,
20016826,1,https://archiveofourown.org/works/20016826,[MDZS] *Ship Trinity* [XiYao_WangXian_XueXiao],,
25992634,1,https://archiveofourown.org/works/25992634,M√≥ D√†o Z«î Shƒ´ | The Untamed Kink Meme 2020,,
25147819,1,https://archiveofourown.org/works/25147819,XiYao Month 01-31.07.2020,,
25147819,1,https://archiveofourown.org/works/25147819,XiYao Month 01-31.07.2020,,
20096356,1,https://archiveofourown.org/works/20096356,Parallels Fanworks Exchange 2019,,
26317255,1,https://archiveofourown.org/works/26317255,M√≥ D√†o Z«î Shƒ´ | The Untamed Kink Meme 2020,,
25161826,1,https://archiveofourown.org/works/25161826,XiYao Month 01-31.07.2020,,
25161826,1,https://archiveofourown.org/works/25161826,XiYao Month 01-31.07.2020,,
25620700,1,https://archiveofourown.org/works/25620700,XiYao Month 01-31.07.2020,,
27199726,1,https://archiveofourown.org/works/27199726,Whumptober 2020,,
27199726,1,https://archiveofourown.org/works/27199726,Whumptober 2020,,
27279745,1,https://archiveofourown.org/works/27279745,Wei Wuxian's Birthday Gift Exchange,,
21029582,3,https://archiveofourown.org/works/21029582,3 Zun Week 2019,Magister,Scfavoritesofmine
23312191,1,https://archiveofourown.org/works/23312191,Lan Huan Protection Squad,,
25017751,1,https://archiveofourown.org/works/25017751,XiYao Month 01-31.07.2020,,
19227964,3,https://archiveofourown.org/works/19227964,Best Across Fandoms,Fics that keep me up,Storycatchers' cultivation stories
25504999,1,https://archiveofourown.org/works/25504999,XiYao Month 01-31.07.2020,,
21115121,1,https://archiveofourown.org/works/21115121,Kinktober 2019,,
25524202,1,https://archiveofourown.org/works/25524202,XiYao Month 01-31.07.2020,,
25267483,1,https://archiveofourown.org/works/25267483,M√≥ D√†o Z«î Shƒ´ | The Untamed Kink Meme 2020,,
25267483,1,https://archiveofourown.org/works/25267483,M√≥ D√†o Z«î Shƒ´ | The Untamed Kink Meme 2020,,
25267483,1,https://archiveofourown.org/works/25267483,M√≥ D√†o Z«î Shƒ´ | The Untamed Kink Meme 2020,,
25334776,1,https://archiveofourown.org/works/25334776,XiYao Month 01-31.07.2020,,
25334776,1,https://archiveofourown.org/works/25334776,XiYao Month 01-31.07.2020,,
25334776,1,https://archiveofourown.org/works/25334776,XiYao Month 01-31.07.2020,,
25158193,1,https://archiveofourown.org/works/25158193,XiYao Month 01-31.07.2020,,
25158193,1,https://archiveofourown.org/works/25158193,XiYao Month 01-31.07.2020,,
25224853,1,https://archiveofourown.org/works/25224853,M√≥ D√†o Z«î Shƒ´ | The Untamed Kink Meme 2020,,
25224853,1,https://archiveofourown.org/works/25224853,M√≥ D√†o Z«î Shƒ´ | The Untamed Kink Meme 2020,,
25224853,1,https://archiveofourown.org/works/25224853,M√≥ D√†o Z«î Shƒ´ | The Untamed Kink Meme 2020,,
25578469,1,https://archiveofourown.org/works/25578469,Xiyao Zero Pining Hours,,
26964289,1,https://archiveofourown.org/works/26964289,M√≥ D√†o Z«î Shƒ´ | The Untamed Kink Meme 2020,,
22108834,2,https://archiveofourown.org/works/22108834,Favourite The Untamed Fics,TWT FIC REC CHAT,
27602453,1,https://archiveofourown.org/works/27602453,MXTX Polyamory Flash Exchange 2020,,
25083184,1,https://archiveofourown.org/works/25083184,XiYao Month 01-31.07.2020,,
26961205,2,https://archiveofourown.org/works/26961205,M√≥ D√†o Z«î Shƒ´ | The Untamed Kink Meme 2020,BUT WHAT ABOUT QIN SU?????,
26726881,1,https://archiveofourown.org/works/26726881,Yi City 4 Xiyao Solidarity Write-In 2020,,
25080262,1,https://archiveofourown.org/works/25080262,XiYao Month 01-31.07.2020,,
26025859,1,https://archiveofourown.org/works/26025859,Recommended XiYao Fics,,
20216506,1,https://archiveofourown.org/works/20216506,Time Travel and World Travel,,
25102783,1,https://archiveofourown.org/works/25102783,M√≥ D√†o Z«î Shƒ´ | The Untamed Kink Meme 2020,,
25143745,1,https://archiveofourown.org/works/25143745,XiYao Month 01-31.07.2020,,
27605752,1,https://archiveofourown.org/works/27605752,XiYao Month 01-31.07.2020,,
26051341,1,https://archiveofourown.org/works/26051341,M√≥ D√†o Z«î Shƒ´ | The Untamed Kink Meme 2020,,
21849439,1,https://archiveofourown.org/works/21849439,Xicheng Dongzhi Festival Exchange 2019,,
25509805,1,https://archiveofourown.org/works/25509805,XiYao Month 01-31.07.2020,,
27434845,1,https://archiveofourown.org/works/27434845,Jiang Cheng Love Month 2020,,
24700882,1,https://archiveofourown.org/works/24700882,CQL ficrecs for GC,,
25234765,1,https://archiveofourown.org/works/25234765,XiYao Month 01-31.07.2020,,
25234765,1,https://archiveofourown.org/works/25234765,XiYao Month 01-31.07.2020,,
26728939,1,https://archiveofourown.org/works/26728939,Reincarnation and Transmigration,,
25262059,1,https://archiveofourown.org/works/25262059,XiYao Month 01-31.07.2020,,
25262059,1,https://archiveofourown.org/works/25262059,XiYao Month 01-31.07.2020,,
21865843,1,https://archiveofourown.org/works/21865843,Yuletide 2019,,
27116056,1,https://archiveofourown.org/works/27116056,3 Zun Week 2020,,
22692427,1,https://archiveofourown.org/works/22692427,XueXiao Mystery Valentine 2020,,
25177684,1,https://archiveofourown.org/works/25177684,XiYao Month 01-31.07.2020,,
25177684,1,https://archiveofourown.org/works/25177684,XiYao Month 01-31.07.2020,,
26273809,1,https://archiveofourown.org/works/26273809,Xiyao Zero Pining Hours,,
25435786,1,https://archiveofourown.org/works/25435786,XiYao Month 01-31.07.2020,,
21149351,1,https://archiveofourown.org/works/21149351,Trick or Treat Exchange 2019,,
23592844,1,https://archiveofourown.org/works/23592844,‚òÜ‚ÄôÔΩ•Ôæü:*:ÔΩ•ÔΩ°jin  siblingsÔΩ°ÔΩ•:*:ÔΩ•Ôæü‚Äô‚òÖ,,
25121191,1,https://archiveofourown.org/works/25121191,XiYao Month 01-31.07.2020,,
25254832,1,https://archiveofourown.org/works/25254832,XiYao Month 01-31.07.2020,,
25254832,1,https://archiveofourown.org/works/25254832,XiYao Month 01-31.07.2020,,
25286146,1,https://archiveofourown.org/works/25286146,XiYao Month 01-31.07.2020,,
25286146,1,https://archiveofourown.org/works/25286146,XiYao Month 01-31.07.2020,,
25286146,1,https://archiveofourown.org/works/25286146,XiYao Month 01-31.07.2020,,
26126251,1,https://archiveofourown.org/works/26126251,M√≥ D√†o Z«î Shƒ´ | The Untamed Kink Meme 2020,,
25100503,1,https://archiveofourown.org/works/25100503,XiYao Month 01-31.07.2020,,
20850686,1,https://archiveofourown.org/works/20850686,Time Travel and World Travel,,
21460066,1,https://archiveofourown.org/works/21460066,Reincarnation and Transmigration,,
21019697,1,https://archiveofourown.org/works/21019697,TWT FIC REC CHAT,,
26029909,1,https://archiveofourown.org/works/26029909,M√≥ D√†o Z«î Shƒ´ | The Untamed Kink Meme 2020,,
25044187,1,https://archiveofourown.org/works/25044187,XiYao Month 01-31.07.2020,,
26684116,1,https://archiveofourown.org/works/26684116,Yi City 4 Xiyao Solidarity Write-In 2020,,
27515038,1,https://archiveofourown.org/works/27515038,M√≥ D√†o Z«î Shƒ´ | The Untamed Kink Meme 2020,,
25207105,1,https://archiveofourown.org/works/25207105,XiYao Month 01-31.07.2020,,
25207105,1,https://archiveofourown.org/works/25207105,XiYao Month 01-31.07.2020,,
25477318,1,https://archiveofourown.org/works/25477318,XiYao Month 01-31.07.2020,,
27277624,1,https://archiveofourown.org/works/27277624,Wei Wuxian's Birthday Gift Exchange,,
25999642,1,https://archiveofourown.org/works/25999642,M√≥ D√†o Z«î Shƒ´ | The Untamed Kink Meme 2020,,
24466360,1,https://archiveofourown.org/works/24466360,‚òÜ‚ÄôÔΩ•Ôæü:*:ÔΩ•ÔΩ°jin  siblingsÔΩ°ÔΩ•:*:ÔΩ•Ôæü‚Äô‚òÖ,,
23484442,1,https://archiveofourown.org/works/23484442,Big Dick Ass Immortal Way,,
25028518,1,https://archiveofourown.org/works/25028518,XiYao Month 01-31.07.2020,,
25028518,1,https://archiveofourown.org/works/25028518,XiYao Month 01-31.07.2020,,
25028518,1,https://archiveofourown.org/works/25028518,XiYao Month 01-31.07.2020,,
25348384,1,https://archiveofourown.org/works/25348384,XiYao Month 01-31.07.2020,,
25348384,1,https://archiveofourown.org/works/25348384,XiYao Month 01-31.07.2020,,
25348384,1,https://archiveofourown.org/works/25348384,XiYao Month 01-31.07.2020,,
25059958,1,https://archiveofourown.org/works/25059958,XiYao Month 01-31.07.2020,,
27329128,1,https://archiveofourown.org/works/27329128,M√≥ D√†o Z«î Shƒ´ | The Untamed Kink Meme 2020,,
25067686,1,https://archiveofourown.org/works/25067686,XiYao Month 01-31.07.2020,,
25017721,1,https://archiveofourown.org/works/25017721,M√≥ D√†o Z«î Shƒ´ | The Untamed Kink Meme 2020,,
23470429,1,https://archiveofourown.org/works/23470429,Lan Huan Protection Squad,,
25490239,1,https://archiveofourown.org/works/25490239,XiYao Month 01-31.07.2020,,
25626775,1,https://archiveofourown.org/works/25626775,XiYao Month 01-31.07.2020,,
26450551,1,https://archiveofourown.org/works/26450551,M√≥ D√†o Z«î Shƒ´ | The Untamed Kink Meme 2020,,
25068769,2,https://archiveofourown.org/works/25068769,XiYao Month 01-31.07.2020,Waitingforupdatessc,
25010002,1,https://archiveofourown.org/works/25010002,Reincarnation and Transmigration,,
21633601,1,https://archiveofourown.org/works/21633601,MXTX Reverse Big Bang 2019,,
17339441,1,https://archiveofourown.org/works/17339441,why im sleep deprived üíñ‚ú®,,
17339441,1,https://archiveofourown.org/works/17339441,why im sleep deprived üíñ‚ú®,,
17339441,1,https://archiveofourown.org/works/17339441,why im sleep deprived üíñ‚ú®,,
23334937,1,https://archiveofourown.org/works/23334937,Reincarnation and Transmigration,,
23263741,1,https://archiveofourown.org/works/23263741,Lock Down Fest,,
23356627,1,https://archiveofourown.org/works/23356627,Lan Huan Protection Squad,,
26484937,1,https://archiveofourown.org/works/26484937,M√≥ D√†o Z«î Shƒ´ | The Untamed Kink Meme 2020,,
26709193,2,https://archiveofourown.org/works/26709193,Yi City 4 Xiyao Solidarity Write-In 2020,Lan Xichen's Birthday Week 2020 Collection,
27323059,1,https://archiveofourown.org/works/27323059,XiyaoBlackMoon,,
25064869,1,https://archiveofourown.org/works/25064869,XiYao Month 01-31.07.2020,,
18743161,1,https://archiveofourown.org/works/18743161,Modern WangXian,,
26745085,1,https://archiveofourown.org/works/26745085,Yi City 4 Xiyao Solidarity Write-In 2020,,
20415298,1,https://archiveofourown.org/works/20415298,Reincarnation and Transmigration,,
27183508,1,https://archiveofourown.org/works/27183508,Trick or Treat Exchange 2020,,
25578565,1,https://archiveofourown.org/works/25578565,XiYao Month 01-31.07.2020,,
21630784,1,https://archiveofourown.org/works/21630784,FLUFFEMBER2019,,
21630784,1,https://archiveofourown.org/works/21630784,FLUFFEMBER2019,,
23253811,1,https://archiveofourown.org/works/23253811,Lan Huan Protection Squad,,
22777420,1,https://archiveofourown.org/works/22777420,Jin Guangyao Month 01-29.02.2020,,
25594696,1,https://archiveofourown.org/works/25594696,XiYao Month 01-31.07.2020,,
23602981,1,https://archiveofourown.org/works/23602981,Reincarnation and Transmigration,,
26122219,2,https://archiveofourown.org/works/26122219,M√≥ D√†o Z«î Shƒ´ | The Untamed Kink Meme 2020,NieYao Month,
